"","subbasin","year","month","tmean"
"1","Carmacks","1985","01",-7.98306451612903
"2","Carmacks","1985","02",-21.0900992063492
"3","Carmacks","1985","03",-8.03322580645161
"4","Carmacks","1985","04",-1.68637037037037
"5","Carmacks","1985","11",-23.0147037037037
"6","Carmacks","1985","12",-12.0102508960573
"7","Carmacks","1986","01",-12.1915591397849
"8","Carmacks","1986","02",-15.7655753968254
"9","Carmacks","1986","03",-9.00218637992831
"10","Carmacks","1986","04",-4.93644444444444
"11","Carmacks","1986","11",-16.0076111111111
"12","Carmacks","1986","12",-11.0741935483871
"13","Carmacks","1987","01",-13.1568637992832
"14","Carmacks","1987","02",-11.1243055555556
"15","Carmacks","1987","03",-12.330752688172
"16","Carmacks","1987","04",0.853555555555556
"17","Carmacks","1987","11",-7.82646296296296
"18","Carmacks","1987","12",-14.5471146953405
"19","Carmacks","1988","01",-22.1257168458781
"20","Carmacks","1988","02",-14.1255363984674
"21","Carmacks","1988","03",-4.91159498207885
"22","Carmacks","1988","04",1.63181481481481
"23","Carmacks","1988","11",-11.424037037037
"24","Carmacks","1988","12",-14.9062592592593
"25","Carmacks","1989","01",-26.3284229390681
"26","Carmacks","1989","02",-20.73125
"27","Carmacks","1989","03",-14.4961111111111
"28","Carmacks","1989","04",2.01638888888889
"29","Carmacks","1989","11",-16.7287037037037
"30","Carmacks","1989","12",-11.2302688172043
"31","Carmacks","1990","01",-22.9134946236559
"32","Carmacks","1990","02",-23.7985912698413
"33","Carmacks","1990","03",-5.76016129032258
"34","Carmacks","1990","04",2.0292037037037
"35","Carmacks","1990","11",-22.6480925925926
"36","Carmacks","1990","12",-23.2247670250896
"37","Carmacks","1991","01",-22.5270788530466
"38","Carmacks","1991","02",-11.6194246031746
"39","Carmacks","1991","03",-9.44005376344086
"40","Carmacks","1991","04",1.86505555555556
"41","Carmacks","1991","11",-12.3867777777778
"42","Carmacks","1991","12",-16.2008781362007
"43","Carmacks","1992","01",-13.3163978494624
"44","Carmacks","1992","02",-14.2130651340996
"45","Carmacks","1992","03",-5.17186379928315
"46","Carmacks","1992","04",-0.510703703703704
"47","Carmacks","1992","11",-7.81211111111111
"48","Carmacks","1992","12",-22.7824259259259
"49","Carmacks","1993","01",-21.2382974910394
"50","Carmacks","1993","02",-15.3456746031746
"51","Carmacks","1993","03",-7.01775985663082
"52","Carmacks","1993","04",2.79
"53","Carmacks","1993","11",-10.3424444444444
"54","Carmacks","1993","12",-13.4179032258065
"55","Carmacks","1994","01",-22.5270250896057
"56","Carmacks","1994","02",-25.0082142857143
"57","Carmacks","1994","03",-4.9236917562724
"58","Carmacks","1994","04",3.27055555555556
"59","Carmacks","1994","11",-16.3556111111111
"60","Carmacks","1994","12",-20.336146953405
"61","Carmacks","1995","01",-19.4540143369176
"62","Carmacks","1995","02",-14.9380158730159
"63","Carmacks","1995","03",-11.3755555555556
"64","Carmacks","1995","04",3.45327777777778
"65","Carmacks","1995","11",-16.2532777777778
"66","Carmacks","1995","12",-20.0206630824373
"67","Carmacks","1996","01",-33.8975985663082
"68","Carmacks","1996","02",-14.3444252873563
"69","Carmacks","1996","03",-11.0177419354839
"70","Carmacks","1996","04",-0.303555555555556
"71","Carmacks","1996","11",-17.938962962963
"72","Carmacks","1996","12",-22.6456851851852
"73","Carmacks","1997","01",-24.8463978494624
"74","Carmacks","1997","02",-9.67430555555556
"75","Carmacks","1997","03",-12.4266308243728
"76","Carmacks","1997","04",1.10701851851852
"77","Carmacks","1997","11",-8.41281481481482
"78","Carmacks","1997","12",-10.9729390681004
"79","Carmacks","1998","01",-23.9991039426523
"80","Carmacks","1998","02",-10.6705357142857
"81","Carmacks","1998","03",-8.25453405017921
"82","Carmacks","1998","04",2.63738888888889
"83","Carmacks","1998","11",-12.6287777777778
"84","Carmacks","1998","12",-20.1323476702509
"85","Carmacks","1999","01",-23.5863261648746
"86","Carmacks","1999","02",-18.7674603174603
"87","Carmacks","1999","03",-7.3810752688172
"88","Carmacks","1999","04",0.951277777777778
"89","Carmacks","1999","11",-11.7632222222222
"90","Carmacks","1999","12",-12.5099103942652
"91","Carmacks","2000","01",-21.0665591397849
"92","Carmacks","2000","02",-9.88480842911877
"93","Carmacks","2000","03",-4.81240143369176
"94","Carmacks","2000","04",-0.644259259259259
"95","Carmacks","2000","11",-8.48881481481481
"96","Carmacks","2000","12",-17.9122592592593
"97","Carmacks","2001","01",-9.69745519713262
"98","Carmacks","2001","02",-15.5496428571429
"99","Carmacks","2001","03",-7.98530465949821
"100","Carmacks","2001","04",0.918796296296296
"101","Carmacks","2001","11",-12.3242037037037
"102","Carmacks","2001","12",-20.4104301075269
"103","Carmacks","2002","01",-16.4186200716846
"104","Carmacks","2002","02",-14.6427579365079
"105","Carmacks","2002","03",-13.8593548387097
"106","Carmacks","2002","04",-5.22285185185185
"107","Carmacks","2002","11",-5.39172222222222
"108","Carmacks","2002","12",-12.953476702509
"109","Carmacks","2003","01",-17.2291039426523
"110","Carmacks","2003","02",-12.7157738095238
"111","Carmacks","2003","03",-9.93118279569893
"112","Carmacks","2003","04",0.0392962962962963
"113","Carmacks","2003","11",-14.8892962962963
"114","Carmacks","2003","12",-16.8758422939068
"115","Carmacks","2004","01",-26.7609318996416
"116","Carmacks","2004","02",-9.64114942528736
"117","Carmacks","2004","03",-8.87114695340502
"118","Carmacks","2004","04",1.85885185185185
"119","Carmacks","2004","11",-10.7656666666667
"120","Carmacks","2004","12",-15.2636851851852
"121","Carmacks","2005","01",-22.6355555555556
"122","Carmacks","2005","02",-14.8385317460317
"123","Carmacks","2005","03",-3.07715053763441
"124","Carmacks","2005","04",2.31653703703704
"125","Carmacks","2005","11",-9.6225
"126","Carmacks","2005","12",-12.111146953405
"127","Carmacks","2006","01",-19.9171326164875
"128","Carmacks","2006","02",-13.5559325396825
"129","Carmacks","2006","03",-11.8918996415771
"130","Carmacks","2006","04",0.777037037037037
"131","Carmacks","2006","11",-24.6816666666667
"132","Carmacks","2006","12",-12.9245698924731
"133","Carmacks","2007","01",-16.3748566308244
"134","Carmacks","2007","02",-21.2811706349206
"135","Carmacks","2007","03",-14.684982078853
"136","Carmacks","2007","04",0.325537037037037
"137","Carmacks","2007","11",-9.4067962962963
"138","Carmacks","2007","12",-20.0681720430108
"139","Carmacks","2008","01",-22.9515949820789
"140","Carmacks","2008","02",-17.585785440613
"141","Carmacks","2008","03",-7.15593189964158
"142","Carmacks","2008","04",0.297074074074074
"143","Carmacks","2008","11",-10.5735925925926
"144","Carmacks","2008","12",-24.2235185185185
"145","Carmacks","2009","01",-22.3911827956989
"146","Carmacks","2009","02",-19.8871428571429
"147","Carmacks","2009","03",-12.2207347670251
"148","Carmacks","2009","04",-0.00540740740740739
"149","Carmacks","2009","11",-11.3722407407407
"150","Carmacks","2009","12",-16.6163620071685
"151","Carmacks","2010","01",-17.3147132616487
"152","Carmacks","2010","02",-9.79789682539683
"153","Carmacks","2010","03",-4.54851254480287
"154","Carmacks","2010","04",2.58677777777778
"155","Carmacks","2010","11",-9.02925925925926
"156","Carmacks","2010","12",-22.6618817204301
"157","Carmacks","2011","01",-19.3871326164875
"158","Carmacks","2011","02",-17.5548611111111
"159","Carmacks","2011","03",-13.2102329749104
"160","Carmacks","2011","04",0.4905
"161","Carmacks","2011","11",-16.6955740740741
"162","Carmacks","2011","12",-11.661935483871
"163","Carmacks","2012","01",-22.066935483871
"164","Carmacks","2012","02",-8.93795019157088
"165","Carmacks","2012","03",-8.75397849462366
"166","Carmacks","2012","04",2.34751851851852
"167","Carmacks","2012","11",-18.2179074074074
"168","Carmacks","2012","12",-26.1817037037037
"169","Carmacks","2013","01",-17.58229390681
"170","Carmacks","2013","02",-9.63972222222222
"171","Carmacks","2013","03",-11.9498207885305
"172","Carmacks","2013","04",-4.3357037037037
"173","Carmacks","2013","11",-14.7074444444444
"174","Carmacks","2013","12",-21.7094086021505
"175","Carmacks","2014","01",-10.1482974910394
"176","Carmacks","2014","02",-20.8969047619048
"177","Carmacks","2014","03",-11.5568279569892
"178","Carmacks","2014","04",0.255388888888889
"179","Carmacks","2014","11",-10.8492222222222
"180","Carmacks","2014","12",-14.1056630824373
"181","Carmacks","2015","01",-16.2553405017921
"182","Carmacks","2015","02",-15.3996428571429
"183","Carmacks","2015","03",-6.05774193548387
"184","Carmacks","2015","04",2.1025
"185","Carmacks","2015","11",-10.7006666666667
"186","Carmacks","2015","12",-15.4002688172043
"187","Lower Mainstem","1985","01",-13.2821774193548
"188","Lower Mainstem","1985","02",-26.3688392857143
"189","Lower Mainstem","1985","03",-11.8209946236559
"190","Lower Mainstem","1985","04",-5.84613888888889
"191","Lower Mainstem","1985","11",-23.8681944444444
"192","Lower Mainstem","1985","12",-14.5422849462366
"193","Lower Mainstem","1986","01",-19.2126344086021
"194","Lower Mainstem","1986","02",-20.3108928571429
"195","Lower Mainstem","1986","03",-15.3317204301075
"196","Lower Mainstem","1986","04",-7.433
"197","Lower Mainstem","1986","11",-21.3590555555556
"198","Lower Mainstem","1986","12",-16.6490591397849
"199","Lower Mainstem","1987","01",-19.4027956989247
"200","Lower Mainstem","1987","02",-17.3536904761905
"201","Lower Mainstem","1987","03",-14.9910483870968
"202","Lower Mainstem","1987","04",-1.31702777777778
"203","Lower Mainstem","1987","11",-13.3588888888889
"204","Lower Mainstem","1987","12",-19.2384946236559
"205","Lower Mainstem","1988","01",-24.9075
"206","Lower Mainstem","1988","02",-19.9457183908046
"207","Lower Mainstem","1988","03",-9.56556451612903
"208","Lower Mainstem","1988","04",-0.616888888888889
"209","Lower Mainstem","1988","11",-18.7299722222222
"210","Lower Mainstem","1988","12",-17.8338333333333
"211","Lower Mainstem","1989","01",-31.0457258064516
"212","Lower Mainstem","1989","02",-21.3076488095238
"213","Lower Mainstem","1989","03",-18.8105376344086
"214","Lower Mainstem","1989","04",0.950638888888889
"215","Lower Mainstem","1989","11",-21.9739166666667
"216","Lower Mainstem","1989","12",-17.085564516129
"217","Lower Mainstem","1990","01",-27.3697043010753
"218","Lower Mainstem","1990","02",-30.9095238095238
"219","Lower Mainstem","1990","03",-9.74704301075269
"220","Lower Mainstem","1990","04",1.21663888888889
"221","Lower Mainstem","1990","11",-25.6839722222222
"222","Lower Mainstem","1990","12",-26.355376344086
"223","Lower Mainstem","1991","01",-25.0649193548387
"224","Lower Mainstem","1991","02",-19.2428273809524
"225","Lower Mainstem","1991","03",-12.0982795698925
"226","Lower Mainstem","1991","04",1.47963888888889
"227","Lower Mainstem","1991","11",-18.9919722222222
"228","Lower Mainstem","1991","12",-23.2056182795699
"229","Lower Mainstem","1992","01",-20.3333333333333
"230","Lower Mainstem","1992","02",-21.7156896551724
"231","Lower Mainstem","1992","03",-8.97293010752688
"232","Lower Mainstem","1992","04",-3.18938888888889
"233","Lower Mainstem","1992","11",-12.5424166666667
"234","Lower Mainstem","1992","12",-25.8383333333333
"235","Lower Mainstem","1993","01",-23.8933870967742
"236","Lower Mainstem","1993","02",-18.3745833333333
"237","Lower Mainstem","1993","03",-9.19091397849462
"238","Lower Mainstem","1993","04",2.22558333333333
"239","Lower Mainstem","1993","11",-14.7796388888889
"240","Lower Mainstem","1993","12",-18.0108064516129
"241","Lower Mainstem","1994","01",-25.0706989247312
"242","Lower Mainstem","1994","02",-26.0928869047619
"243","Lower Mainstem","1994","03",-9.77284946236559
"244","Lower Mainstem","1994","04",0.870083333333333
"245","Lower Mainstem","1994","11",-18.6491111111111
"246","Lower Mainstem","1994","12",-23.1530107526882
"247","Lower Mainstem","1995","01",-21.4975
"248","Lower Mainstem","1995","02",-18.8377083333333
"249","Lower Mainstem","1995","03",-14.7074462365591
"250","Lower Mainstem","1995","04",3.32008333333333
"251","Lower Mainstem","1995","11",-22.9410833333333
"252","Lower Mainstem","1995","12",-25.1059408602151
"253","Lower Mainstem","1996","01",-33.1216935483871
"254","Lower Mainstem","1996","02",-18.9446264367816
"255","Lower Mainstem","1996","03",-12.3104569892473
"256","Lower Mainstem","1996","04",-0.890972222222222
"257","Lower Mainstem","1996","11",-21.02375
"258","Lower Mainstem","1996","12",-26.6266388888889
"259","Lower Mainstem","1997","01",-28.7999462365591
"260","Lower Mainstem","1997","02",-13.8571726190476
"261","Lower Mainstem","1997","03",-17.4218548387097
"262","Lower Mainstem","1997","04",-0.751222222222222
"263","Lower Mainstem","1997","11",-12.5403888888889
"264","Lower Mainstem","1997","12",-18.4352956989247
"265","Lower Mainstem","1998","01",-26.0086290322581
"266","Lower Mainstem","1998","02",-16.6156845238095
"267","Lower Mainstem","1998","03",-10.080752688172
"268","Lower Mainstem","1998","04",2.66719444444444
"269","Lower Mainstem","1998","11",-15.1348333333333
"270","Lower Mainstem","1998","12",-23.8012903225806
"271","Lower Mainstem","1999","01",-28.9467204301075
"272","Lower Mainstem","1999","02",-24.3860416666667
"273","Lower Mainstem","1999","03",-11.760564516129
"274","Lower Mainstem","1999","04",0.0713333333333333
"275","Lower Mainstem","1999","11",-17.3856666666667
"276","Lower Mainstem","1999","12",-21.4919086021505
"277","Lower Mainstem","2000","01",-26.0675268817204
"278","Lower Mainstem","2000","02",-12.5419540229885
"279","Lower Mainstem","2000","03",-7.61381720430108
"280","Lower Mainstem","2000","04",-2.56641666666667
"281","Lower Mainstem","2000","11",-12.131
"282","Lower Mainstem","2000","12",-22.2394444444444
"283","Lower Mainstem","2001","01",-14.734435483871
"284","Lower Mainstem","2001","02",-16.854880952381
"285","Lower Mainstem","2001","03",-11.5948387096774
"286","Lower Mainstem","2001","04",-0.307333333333333
"287","Lower Mainstem","2001","11",-16.8276944444444
"288","Lower Mainstem","2001","12",-22.6239247311828
"289","Lower Mainstem","2002","01",-19.0622311827957
"290","Lower Mainstem","2002","02",-18.5115178571429
"291","Lower Mainstem","2002","03",-15.5048387096774
"292","Lower Mainstem","2002","04",-5.65677777777778
"293","Lower Mainstem","2002","11",-6.88425
"294","Lower Mainstem","2002","12",-12.9927956989247
"295","Lower Mainstem","2003","01",-20.3030913978495
"296","Lower Mainstem","2003","02",-14.1902678571429
"297","Lower Mainstem","2003","03",-13.5326075268817
"298","Lower Mainstem","2003","04",-1.05372222222222
"299","Lower Mainstem","2003","11",-17.7999444444444
"300","Lower Mainstem","2003","12",-22.1243817204301
"301","Lower Mainstem","2004","01",-31.3093279569892
"302","Lower Mainstem","2004","02",-15.9756609195402
"303","Lower Mainstem","2004","03",-15.2077956989247
"304","Lower Mainstem","2004","04",-0.154611111111111
"305","Lower Mainstem","2004","11",-14.8212222222222
"306","Lower Mainstem","2004","12",-21.2222222222222
"307","Lower Mainstem","2005","01",-25.8394623655914
"308","Lower Mainstem","2005","02",-19.8955952380952
"309","Lower Mainstem","2005","03",-7.41846774193548
"310","Lower Mainstem","2005","04",0.270555555555556
"311","Lower Mainstem","2005","11",-18.5078888888889
"312","Lower Mainstem","2005","12",-15.8677150537634
"313","Lower Mainstem","2006","01",-24.1438172043011
"314","Lower Mainstem","2006","02",-16.2916071428571
"315","Lower Mainstem","2006","03",-16.1104838709677
"316","Lower Mainstem","2006","04",-1.65588888888889
"317","Lower Mainstem","2006","11",-26.9446666666667
"318","Lower Mainstem","2006","12",-18.0528225806452
"319","Lower Mainstem","2007","01",-21.0004838709677
"320","Lower Mainstem","2007","02",-26.7981845238095
"321","Lower Mainstem","2007","03",-20.4750268817204
"322","Lower Mainstem","2007","04",1.53513888888889
"323","Lower Mainstem","2007","11",-10.46
"324","Lower Mainstem","2007","12",-22.1354032258065
"325","Lower Mainstem","2008","01",-25.6997580645161
"326","Lower Mainstem","2008","02",-23.1261206896552
"327","Lower Mainstem","2008","03",-11.5227419354839
"328","Lower Mainstem","2008","04",0.159638888888889
"329","Lower Mainstem","2008","11",-14.7605555555556
"330","Lower Mainstem","2008","12",-27.2909166666667
"331","Lower Mainstem","2009","01",-27.9793279569892
"332","Lower Mainstem","2009","02",-21.6949107142857
"333","Lower Mainstem","2009","03",-16.6991935483871
"334","Lower Mainstem","2009","04",-0.568361111111111
"335","Lower Mainstem","2009","11",-16.8868888888889
"336","Lower Mainstem","2009","12",-18.6427688172043
"337","Lower Mainstem","2010","01",-22.8172043010753
"338","Lower Mainstem","2010","02",-15.5989880952381
"339","Lower Mainstem","2010","03",-9.00690860215054
"340","Lower Mainstem","2010","04",2.52905555555556
"341","Lower Mainstem","2010","11",-11.3254444444444
"342","Lower Mainstem","2010","12",-26.6261827956989
"343","Lower Mainstem","2011","01",-24.841747311828
"344","Lower Mainstem","2011","02",-21.6488392857143
"345","Lower Mainstem","2011","03",-16.0205376344086
"346","Lower Mainstem","2011","04",0.687861111111111
"347","Lower Mainstem","2011","11",-21.5407777777778
"348","Lower Mainstem","2011","12",-16.5684408602151
"349","Lower Mainstem","2012","01",-29.9277956989247
"350","Lower Mainstem","2012","02",-12.8264942528736
"351","Lower Mainstem","2012","03",-14.1902150537634
"352","Lower Mainstem","2012","04",1.94002777777778
"353","Lower Mainstem","2012","11",-25.7761111111111
"354","Lower Mainstem","2012","12",-29.7421388888889
"355","Lower Mainstem","2013","01",-22.0281989247312
"356","Lower Mainstem","2013","02",-15.9382738095238
"357","Lower Mainstem","2013","03",-14.6827419354839
"358","Lower Mainstem","2013","04",-8.21691666666667
"359","Lower Mainstem","2013","11",-18.2670555555556
"360","Lower Mainstem","2013","12",-26.0943279569892
"361","Lower Mainstem","2014","01",-14.7012903225806
"362","Lower Mainstem","2014","02",-24.7733035714286
"363","Lower Mainstem","2014","03",-13.3103494623656
"364","Lower Mainstem","2014","04",-0.463861111111111
"365","Lower Mainstem","2014","11",-13.9266111111111
"366","Lower Mainstem","2014","12",-15.9404301075269
"367","Lower Mainstem","2015","01",-22.2428494623656
"368","Lower Mainstem","2015","02",-19.8197916666667
"369","Lower Mainstem","2015","03",-9.4427688172043
"370","Lower Mainstem","2015","04",2.08213888888889
"371","Lower Mainstem","2015","11",-14.5805833333333
"372","Lower Mainstem","2015","12",-17.4091397849462
"373","Middle Mainstem","1985","01",-9.4098185483871
"374","Middle Mainstem","1985","02",-23.1335714285714
"375","Middle Mainstem","1985","03",-9.05602822580645
"376","Middle Mainstem","1985","04",-2.43945833333333
"377","Middle Mainstem","1985","11",-22.8034375
"378","Middle Mainstem","1985","12",-12.4080846774194
"379","Middle Mainstem","1986","01",-13.9840927419355
"380","Middle Mainstem","1986","02",-16.7764285714286
"381","Middle Mainstem","1986","03",-11.0608870967742
"382","Middle Mainstem","1986","04",-5.62427083333333
"383","Middle Mainstem","1986","11",-17.0951875
"384","Middle Mainstem","1986","12",-12.7878427419355
"385","Middle Mainstem","1987","01",-14.6767137096774
"386","Middle Mainstem","1987","02",-12.6381473214286
"387","Middle Mainstem","1987","03",-13.1287298387097
"388","Middle Mainstem","1987","04",0.754333333333333
"389","Middle Mainstem","1987","11",-8.9706875
"390","Middle Mainstem","1987","12",-16.3730040322581
"391","Middle Mainstem","1988","01",-23.9375806451613
"392","Middle Mainstem","1988","02",-16.0350431034483
"393","Middle Mainstem","1988","03",-5.75689516129032
"394","Middle Mainstem","1988","04",1.72277083333333
"395","Middle Mainstem","1988","11",-13.03525
"396","Middle Mainstem","1988","12",-15.5890833333333
"397","Middle Mainstem","1989","01",-28.0580846774194
"398","Middle Mainstem","1989","02",-21.62640625
"399","Middle Mainstem","1989","03",-15.6376612903226
"400","Middle Mainstem","1989","04",1.99445833333333
"401","Middle Mainstem","1989","11",-18.7468125
"402","Middle Mainstem","1989","12",-13.0219758064516
"403","Middle Mainstem","1990","01",-24.8870967741935
"404","Middle Mainstem","1990","02",-26.1330357142857
"405","Middle Mainstem","1990","03",-6.84834677419355
"406","Middle Mainstem","1990","04",2.13139583333333
"407","Middle Mainstem","1990","11",-23.9874583333333
"408","Middle Mainstem","1990","12",-24.1009879032258
"409","Middle Mainstem","1991","01",-23.9251008064516
"410","Middle Mainstem","1991","02",-13.8943080357143
"411","Middle Mainstem","1991","03",-10.0238508064516
"412","Middle Mainstem","1991","04",1.76047916666667
"413","Middle Mainstem","1991","11",-13.9963333333333
"414","Middle Mainstem","1991","12",-18.3271774193548
"415","Middle Mainstem","1992","01",-15.7144959677419
"416","Middle Mainstem","1992","02",-16.5935775862069
"417","Middle Mainstem","1992","03",-5.85570564516129
"418","Middle Mainstem","1992","04",-0.7385625
"419","Middle Mainstem","1992","11",-8.67797916666667
"420","Middle Mainstem","1992","12",-23.4588125
"421","Middle Mainstem","1993","01",-22.2451411290323
"422","Middle Mainstem","1993","02",-16.0424553571429
"423","Middle Mainstem","1993","03",-7.77901209677419
"424","Middle Mainstem","1993","04",2.65329166666667
"425","Middle Mainstem","1993","11",-11.9516458333333
"426","Middle Mainstem","1993","12",-15.0830241935484
"427","Middle Mainstem","1994","01",-23.3727620967742
"428","Middle Mainstem","1994","02",-25.3499107142857
"429","Middle Mainstem","1994","03",-6.14651209677419
"430","Middle Mainstem","1994","04",3.18339583333333
"431","Middle Mainstem","1994","11",-16.9668125
"432","Middle Mainstem","1994","12",-20.8839717741935
"433","Middle Mainstem","1995","01",-20.3294959677419
"434","Middle Mainstem","1995","02",-15.7117633928571
"435","Middle Mainstem","1995","03",-12.2876008064516
"436","Middle Mainstem","1995","04",3.65045833333333
"437","Middle Mainstem","1995","11",-17.7514583333333
"438","Middle Mainstem","1995","12",-21.3764314516129
"439","Middle Mainstem","1996","01",-34.0716330645161
"440","Middle Mainstem","1996","02",-15.1013577586207
"441","Middle Mainstem","1996","03",-11.5357862903226
"442","Middle Mainstem","1996","04",-0.150854166666667
"443","Middle Mainstem","1996","11",-19.2442291666667
"444","Middle Mainstem","1996","12",-24.2372083333333
"445","Middle Mainstem","1997","01",-26.1387903225806
"446","Middle Mainstem","1997","02",-10.5133035714286
"447","Middle Mainstem","1997","03",-13.6471370967742
"448","Middle Mainstem","1997","04",0.726729166666667
"449","Middle Mainstem","1997","11",-9.1666875
"450","Middle Mainstem","1997","12",-12.8462903225806
"451","Middle Mainstem","1998","01",-24.6
"452","Middle Mainstem","1998","02",-12.5178348214286
"453","Middle Mainstem","1998","03",-8.79375
"454","Middle Mainstem","1998","04",2.736875
"455","Middle Mainstem","1998","11",-13.3464375
"456","Middle Mainstem","1998","12",-21.6387701612903
"457","Middle Mainstem","1999","01",-25.4698790322581
"458","Middle Mainstem","1999","02",-21.2920089285714
"459","Middle Mainstem","1999","03",-8.56471774193548
"460","Middle Mainstem","1999","04",0.635875
"461","Middle Mainstem","1999","11",-13.5005625
"462","Middle Mainstem","1999","12",-14.9488709677419
"463","Middle Mainstem","2000","01",-22.1868548387097
"464","Middle Mainstem","2000","02",-10.7229525862069
"465","Middle Mainstem","2000","03",-5.38798387096774
"466","Middle Mainstem","2000","04",-0.723833333333333
"467","Middle Mainstem","2000","11",-9.373375
"468","Middle Mainstem","2000","12",-19.5567083333333
"469","Middle Mainstem","2001","01",-11.1152016129032
"470","Middle Mainstem","2001","02",-15.95171875
"471","Middle Mainstem","2001","03",-8.76056451612903
"472","Middle Mainstem","2001","04",0.672041666666667
"473","Middle Mainstem","2001","11",-13.8152916666667
"474","Middle Mainstem","2001","12",-21.7132862903226
"475","Middle Mainstem","2002","01",-17.1625403225806
"476","Middle Mainstem","2002","02",-16.1793973214286
"477","Middle Mainstem","2002","03",-14.3731048387097
"478","Middle Mainstem","2002","04",-5.33133333333333
"479","Middle Mainstem","2002","11",-5.36302083333333
"480","Middle Mainstem","2002","12",-13.3097177419355
"481","Middle Mainstem","2003","01",-18.5948790322581
"482","Middle Mainstem","2003","02",-13.1272544642857
"483","Middle Mainstem","2003","03",-11.0315322580645
"484","Middle Mainstem","2003","04",-0.38975
"485","Middle Mainstem","2003","11",-15.7643958333333
"486","Middle Mainstem","2003","12",-19.1483266129032
"487","Middle Mainstem","2004","01",-28.6802419354839
"488","Middle Mainstem","2004","02",-11.845474137931
"489","Middle Mainstem","2004","03",-10.2481451612903
"490","Middle Mainstem","2004","04",1.62302083333333
"491","Middle Mainstem","2004","11",-12.2288125
"492","Middle Mainstem","2004","12",-17.3169583333333
"493","Middle Mainstem","2005","01",-23.3706653225806
"494","Middle Mainstem","2005","02",-16.0060714285714
"495","Middle Mainstem","2005","03",-3.65368951612903
"496","Middle Mainstem","2005","04",2.3245
"497","Middle Mainstem","2005","11",-12.033375
"498","Middle Mainstem","2005","12",-12.6533064516129
"499","Middle Mainstem","2006","01",-21.6680040322581
"500","Middle Mainstem","2006","02",-14.3448660714286
"501","Middle Mainstem","2006","03",-12.9365725806452
"502","Middle Mainstem","2006","04",0.2881875
"503","Middle Mainstem","2006","11",-25.3851041666667
"504","Middle Mainstem","2006","12",-14.9320161290323
"505","Middle Mainstem","2007","01",-18.2728024193548
"506","Middle Mainstem","2007","02",-22.7204910714286
"507","Middle Mainstem","2007","03",-16.3631653225806
"508","Middle Mainstem","2007","04",0.611270833333333
"509","Middle Mainstem","2007","11",-9.2706875
"510","Middle Mainstem","2007","12",-21.6082056451613
"511","Middle Mainstem","2008","01",-24.1736290322581
"512","Middle Mainstem","2008","02",-19.1941810344828
"513","Middle Mainstem","2008","03",-7.64629032258065
"514","Middle Mainstem","2008","04",0.297145833333333
"515","Middle Mainstem","2008","11",-12.3003958333333
"516","Middle Mainstem","2008","12",-25.0544375
"517","Middle Mainstem","2009","01",-23.9230241935484
"518","Middle Mainstem","2009","02",-20.7265401785714
"519","Middle Mainstem","2009","03",-12.9524193548387
"520","Middle Mainstem","2009","04",-0.0989375
"521","Middle Mainstem","2009","11",-12.7787708333333
"522","Middle Mainstem","2009","12",-17.2493548387097
"523","Middle Mainstem","2010","01",-18.9122379032258
"524","Middle Mainstem","2010","02",-10.9957589285714
"525","Middle Mainstem","2010","03",-5.30491935483871
"526","Middle Mainstem","2010","04",2.430125
"527","Middle Mainstem","2010","11",-9.58904166666667
"528","Middle Mainstem","2010","12",-23.636935483871
"529","Middle Mainstem","2011","01",-20.5711088709677
"530","Middle Mainstem","2011","02",-18.7871651785714
"531","Middle Mainstem","2011","03",-13.9387298387097
"532","Middle Mainstem","2011","04",0.436166666666667
"533","Middle Mainstem","2011","11",-18.3892708333333
"534","Middle Mainstem","2011","12",-13.3698588709677
"535","Middle Mainstem","2012","01",-25.0176814516129
"536","Middle Mainstem","2012","02",-9.89034482758621
"537","Middle Mainstem","2012","03",-10.0586290322581
"538","Middle Mainstem","2012","04",2.33089583333333
"539","Middle Mainstem","2012","11",-20.3016458333333
"540","Middle Mainstem","2012","12",-27.7234583333333
"541","Middle Mainstem","2013","01",-18.8242338709677
"542","Middle Mainstem","2013","02",-11.6964285714286
"543","Middle Mainstem","2013","03",-12.3297983870968
"544","Middle Mainstem","2013","04",-5.02308333333333
"545","Middle Mainstem","2013","11",-15.2976458333333
"546","Middle Mainstem","2013","12",-23.2484475806452
"547","Middle Mainstem","2014","01",-11.1705040322581
"548","Middle Mainstem","2014","02",-21.9564508928571
"549","Middle Mainstem","2014","03",-11.5255846774194
"550","Middle Mainstem","2014","04",0.218875
"551","Middle Mainstem","2014","11",-11.7572708333333
"552","Middle Mainstem","2014","12",-15.0011693548387
"553","Middle Mainstem","2015","01",-18.5089112903226
"554","Middle Mainstem","2015","02",-16.6513839285714
"555","Middle Mainstem","2015","03",-6.81792338709677
"556","Middle Mainstem","2015","04",2.26747916666667
"557","Middle Mainstem","2015","11",-11.7989375
"558","Middle Mainstem","2015","12",-16.7654838709677
"559","Pelly","1985","01",-9.47541563275434
"560","Pelly","1985","02",-22.2402129120879
"561","Pelly","1985","03",-9.19532258064516
"562","Pelly","1985","04",-2.47378205128205
"563","Pelly","1985","11",-24.9559166666667
"564","Pelly","1985","12",-13.9264640198511
"565","Pelly","1986","01",-14.2534429280397
"566","Pelly","1986","02",-17.0516620879121
"567","Pelly","1986","03",-9.82631513647643
"568","Pelly","1986","04",-5.44778205128205
"569","Pelly","1986","11",-19.0196217948718
"570","Pelly","1986","12",-13.9174627791563
"571","Pelly","1987","01",-15.6760980148883
"572","Pelly","1987","02",-13.0115315934066
"573","Pelly","1987","03",-13.2872332506203
"574","Pelly","1987","04",0.114070512820513
"575","Pelly","1987","11",-9.66494230769231
"576","Pelly","1987","12",-15.7556327543424
"577","Pelly","1988","01",-23.091253101737
"578","Pelly","1988","02",-15.8299801061008
"579","Pelly","1988","03",-6.01632133995037
"580","Pelly","1988","04",1.45813461538462
"581","Pelly","1988","11",-13.7839230769231
"582","Pelly","1988","12",-16.9420192307692
"583","Pelly","1989","01",-27.7565818858561
"584","Pelly","1989","02",-21.2214285714286
"585","Pelly","1989","03",-15.7526674937965
"586","Pelly","1989","04",1.12557051282051
"587","Pelly","1989","11",-18.5234038461538
"588","Pelly","1989","12",-13.8492928039702
"589","Pelly","1990","01",-24.9478598014888
"590","Pelly","1990","02",-25.3764217032967
"591","Pelly","1990","03",-7.0543982630273
"592","Pelly","1990","04",1.27890384615385
"593","Pelly","1990","11",-24.3722628205128
"594","Pelly","1990","12",-25.9572952853598
"595","Pelly","1991","01",-24.2067741935484
"596","Pelly","1991","02",-13.2896428571429
"597","Pelly","1991","03",-10.7569851116625
"598","Pelly","1991","04",1.32969230769231
"599","Pelly","1991","11",-14.6910448717949
"600","Pelly","1991","12",-19.3651612903226
"601","Pelly","1992","01",-15.586482630273
"602","Pelly","1992","02",-15.5378448275862
"603","Pelly","1992","03",-6.67899503722084
"604","Pelly","1992","04",-1.54677564102564
"605","Pelly","1992","11",-10.4551282051282
"606","Pelly","1992","12",-25.9593269230769
"607","Pelly","1993","01",-23.764205955335
"608","Pelly","1993","02",-17.4424244505494
"609","Pelly","1993","03",-8.25897022332506
"610","Pelly","1993","04",2.43107692307692
"611","Pelly","1993","11",-12.600891025641
"612","Pelly","1993","12",-16.0802171215881
"613","Pelly","1994","01",-26.4558622828784
"614","Pelly","1994","02",-26.9578434065934
"615","Pelly","1994","03",-5.98627791563275
"616","Pelly","1994","04",2.39329487179487
"617","Pelly","1994","11",-18.3675641025641
"618","Pelly","1994","12",-22.4723635235732
"619","Pelly","1995","01",-21.5864019851117
"620","Pelly","1995","02",-16.9274450549451
"621","Pelly","1995","03",-12.2473076923077
"622","Pelly","1995","04",3.19462179487179
"623","Pelly","1995","11",-19.2454935897436
"624","Pelly","1995","12",-23.1062965260546
"625","Pelly","1996","01",-35.6391811414392
"626","Pelly","1996","02",-16.6869031830239
"627","Pelly","1996","03",-12.8486538461538
"628","Pelly","1996","04",-1.15136538461538
"629","Pelly","1996","11",-20.5844935897436
"630","Pelly","1996","12",-24.8887564102564
"631","Pelly","1997","01",-27.5647890818859
"632","Pelly","1997","02",-12.2635714285714
"633","Pelly","1997","03",-14.2456513647643
"634","Pelly","1997","04",0.422980769230769
"635","Pelly","1997","11",-10.7226153846154
"636","Pelly","1997","12",-13.5797270471464
"637","Pelly","1998","01",-26.7882071960298
"638","Pelly","1998","02",-12.0612362637363
"639","Pelly","1998","03",-9.53346774193548
"640","Pelly","1998","04",2.12676282051282
"641","Pelly","1998","11",-15.0138141025641
"642","Pelly","1998","12",-22.483864764268
"643","Pelly","1999","01",-25.5273138957816
"644","Pelly","1999","02",-18.8989972527473
"645","Pelly","1999","03",-8.32897022332506
"646","Pelly","1999","04",0.519089743589744
"647","Pelly","1999","11",-13.5748269230769
"648","Pelly","1999","12",-14.581699751861
"649","Pelly","2000","01",-23.6495781637717
"650","Pelly","2000","02",-11.5804045092838
"651","Pelly","2000","03",-6.13083126550868
"652","Pelly","2000","04",-2.04101282051282
"653","Pelly","2000","11",-10.4345448717949
"654","Pelly","2000","12",-20.2995064102564
"655","Pelly","2001","01",-12.0452171215881
"656","Pelly","2001","02",-17.3831043956044
"657","Pelly","2001","03",-9.02775434243176
"658","Pelly","2001","04",0.290070512820513
"659","Pelly","2001","11",-14.0247179487179
"660","Pelly","2001","12",-21.7000062034739
"661","Pelly","2002","01",-18.5056575682382
"662","Pelly","2002","02",-16.2404532967033
"663","Pelly","2002","03",-15.2951054590571
"664","Pelly","2002","04",-6.25119871794872
"665","Pelly","2002","11",-7.46542948717949
"666","Pelly","2002","12",-14.2028473945409
"667","Pelly","2003","01",-18.7965632754342
"668","Pelly","2003","02",-14.7555906593407
"669","Pelly","2003","03",-11.333517369727
"670","Pelly","2003","04",-0.869544871794872
"671","Pelly","2003","11",-17.1504935897436
"672","Pelly","2003","12",-18.3657320099256
"673","Pelly","2004","01",-28.7661910669975
"674","Pelly","2004","02",-11.814874005305
"675","Pelly","2004","03",-10.9248138957816
"676","Pelly","2004","04",0.609717948717949
"677","Pelly","2004","11",-13.1207307692308
"678","Pelly","2004","12",-17.9948141025641
"679","Pelly","2005","01",-24.2620347394541
"680","Pelly","2005","02",-16.855831043956
"681","Pelly","2005","03",-4.62124069478908
"682","Pelly","2005","04",1.45939743589744
"683","Pelly","2005","11",-11.2704102564103
"684","Pelly","2005","12",-14.3346464019851
"685","Pelly","2006","01",-20.9734553349876
"686","Pelly","2006","02",-15.105728021978
"687","Pelly","2006","03",-12.8906141439206
"688","Pelly","2006","04",0.0359807692307693
"689","Pelly","2006","11",-26.1363205128205
"690","Pelly","2006","12",-14.6847456575682
"691","Pelly","2007","01",-18.2192555831266
"692","Pelly","2007","02",-23.336668956044
"693","Pelly","2007","03",-16.2643052109181
"694","Pelly","2007","04",0.0931666666666667
"695","Pelly","2007","11",-11.6391987179487
"696","Pelly","2007","12",-21.6709615384615
"697","Pelly","2008","01",-24.8773697270471
"698","Pelly","2008","02",-19.7556697612732
"699","Pelly","2008","03",-8.99812034739454
"700","Pelly","2008","04",-0.575602564102564
"701","Pelly","2008","11",-12.0862307692308
"702","Pelly","2008","12",-26.2472820512821
"703","Pelly","2009","01",-24.6448200992556
"704","Pelly","2009","02",-20.9918406593407
"705","Pelly","2009","03",-14.2481017369727
"706","Pelly","2009","04",-0.955442307692308
"707","Pelly","2009","11",-13.3442948717949
"708","Pelly","2009","12",-18.8845037220844
"709","Pelly","2010","01",-18.8565074441687
"710","Pelly","2010","02",-11.8407898351648
"711","Pelly","2010","03",-6.11578784119107
"712","Pelly","2010","04",1.9944358974359
"713","Pelly","2010","11",-11.1538141025641
"714","Pelly","2010","12",-24.1600992555831
"715","Pelly","2011","01",-21.3556699751861
"716","Pelly","2011","02",-19.1580837912088
"717","Pelly","2011","03",-14.7748945409429
"718","Pelly","2011","04",-0.63598717948718
"719","Pelly","2011","11",-18.3960384615385
"720","Pelly","2011","12",-13.7708374689826
"721","Pelly","2012","01",-23.6008684863524
"722","Pelly","2012","02",-10.5739655172414
"723","Pelly","2012","03",-10.6970657568238
"724","Pelly","2012","04",1.45848076923077
"725","Pelly","2012","11",-20.2969871794872
"726","Pelly","2012","12",-28.2336794871795
"727","Pelly","2013","01",-19.5225744416873
"728","Pelly","2013","02",-11.5146291208791
"729","Pelly","2013","03",-13.6483808933002
"730","Pelly","2013","04",-5.88416666666667
"731","Pelly","2013","11",-16.6370320512821
"732","Pelly","2013","12",-23.7422952853598
"733","Pelly","2014","01",-12.5084677419355
"734","Pelly","2014","02",-22.836668956044
"735","Pelly","2014","03",-13.3113771712159
"736","Pelly","2014","04",-0.894647435897436
"737","Pelly","2014","11",-12.8116730769231
"738","Pelly","2014","12",-16.2058374689826
"739","Pelly","2015","01",-18.0588895781638
"740","Pelly","2015","02",-17.0204876373626
"741","Pelly","2015","03",-8.19081265508685
"742","Pelly","2015","04",1.03155128205128
"743","Pelly","2015","11",-12.5503525641026
"744","Pelly","2015","12",-17.1212344913151
"745","Stewart","1985","01",-10.2138133640553
"746","Stewart","1985","02",-24.0951530612245
"747","Stewart","1985","03",-10.1692857142857
"748","Stewart","1985","04",-3.58328571428571
"749","Stewart","1985","11",-25.1191428571429
"750","Stewart","1985","12",-13.0191129032258
"751","Stewart","1986","01",-15.3320161290323
"752","Stewart","1986","02",-17.6941581632653
"753","Stewart","1986","03",-11.8080184331797
"754","Stewart","1986","04",-6.3922380952381
"755","Stewart","1986","11",-20.8042261904762
"756","Stewart","1986","12",-15.0293894009217
"757","Stewart","1987","01",-16.3848617511521
"758","Stewart","1987","02",-14.1635586734694
"759","Stewart","1987","03",-13.6590092165899
"760","Stewart","1987","04",-0.74102380952381
"761","Stewart","1987","11",-10.1207976190476
"762","Stewart","1987","12",-15.2879953917051
"763","Stewart","1988","01",-22.9380184331797
"764","Stewart","1988","02",-16.6440517241379
"765","Stewart","1988","03",-7.0251267281106
"766","Stewart","1988","04",1.04408333333333
"767","Stewart","1988","11",-16.0898928571429
"768","Stewart","1988","12",-16.4695952380952
"769","Stewart","1989","01",-29.3380184331797
"770","Stewart","1989","02",-21.6036607142857
"771","Stewart","1989","03",-17.5230760368664
"772","Stewart","1989","04",0.299452380952381
"773","Stewart","1989","11",-20.4061428571429
"774","Stewart","1989","12",-15.2337788018433
"775","Stewart","1990","01",-27.0228917050691
"776","Stewart","1990","02",-28.2939158163265
"777","Stewart","1990","03",-8.3921198156682
"778","Stewart","1990","04",0.788452380952381
"779","Stewart","1990","11",-26.157
"780","Stewart","1990","12",-27.591301843318
"781","Stewart","1991","01",-25.2283179723502
"782","Stewart","1991","02",-15.8798341836735
"783","Stewart","1991","03",-12.3409216589862
"784","Stewart","1991","04",0.85875
"785","Stewart","1991","11",-17.069619047619
"786","Stewart","1991","12",-22.041866359447
"787","Stewart","1992","01",-17.6073156682028
"788","Stewart","1992","02",-17.9626354679803
"789","Stewart","1992","03",-7.86634792626728
"790","Stewart","1992","04",-2.9259880952381
"791","Stewart","1992","11",-11.4228214285714
"792","Stewart","1992","12",-27.2317857142857
"793","Stewart","1993","01",-24.661866359447
"794","Stewart","1993","02",-18.6760076530612
"795","Stewart","1993","03",-8.58700460829493
"796","Stewart","1993","04",1.85979761904762
"797","Stewart","1993","11",-14.4257023809524
"798","Stewart","1993","12",-17.4222119815668
"799","Stewart","1994","01",-27.4808870967742
"800","Stewart","1994","02",-27.5307908163265
"801","Stewart","1994","03",-7.56615207373272
"802","Stewart","1994","04",0.775571428571429
"803","Stewart","1994","11",-19.4322738095238
"804","Stewart","1994","12",-23.050599078341
"805","Stewart","1995","01",-21.6707258064516
"806","Stewart","1995","02",-18.5419005102041
"807","Stewart","1995","03",-14.5175806451613
"808","Stewart","1995","04",1.84552380952381
"809","Stewart","1995","11",-21.0727976190476
"810","Stewart","1995","12",-24.7486405529954
"811","Stewart","1996","01",-35.1136866359447
"812","Stewart","1996","02",-18.2411822660099
"813","Stewart","1996","03",-14.0016474654378
"814","Stewart","1996","04",-2.2689880952381
"815","Stewart","1996","11",-21.1631428571429
"816","Stewart","1996","12",-24.7939166666667
"817","Stewart","1997","01",-27.8884331797235
"818","Stewart","1997","02",-13.7773214285714
"819","Stewart","1997","03",-16.1187211981567
"820","Stewart","1997","04",-0.981833333333333
"821","Stewart","1997","11",-11.4673571428571
"822","Stewart","1997","12",-14.399331797235
"823","Stewart","1998","01",-27.052430875576
"824","Stewart","1998","02",-13.5057270408163
"825","Stewart","1998","03",-10.2993548387097
"826","Stewart","1998","04",1.6420119047619
"827","Stewart","1998","11",-15.8266666666667
"828","Stewart","1998","12",-22.455564516129
"829","Stewart","1999","01",-27.1047926267281
"830","Stewart","1999","02",-20.4569515306122
"831","Stewart","1999","03",-9.91767281105991
"832","Stewart","1999","04",-0.8995
"833","Stewart","1999","11",-14.8439880952381
"834","Stewart","1999","12",-17.351232718894
"835","Stewart","2000","01",-24.5279377880184
"836","Stewart","2000","02",-12.3551600985222
"837","Stewart","2000","03",-7.64489631336406
"838","Stewart","2000","04",-3.5619880952381
"839","Stewart","2000","11",-11.4942261904762
"840","Stewart","2000","12",-21.613630952381
"841","Stewart","2001","01",-12.8357718894009
"842","Stewart","2001","02",-18.0578954081633
"843","Stewart","2001","03",-10.8118433179724
"844","Stewart","2001","04",-1.15285714285714
"845","Stewart","2001","11",-15.3518333333333
"846","Stewart","2001","12",-21.6722235023041
"847","Stewart","2002","01",-18.8251152073733
"848","Stewart","2002","02",-17.6645408163265
"849","Stewart","2002","03",-16.2667626728111
"850","Stewart","2002","04",-6.77069047619048
"851","Stewart","2002","11",-7.62853571428571
"852","Stewart","2002","12",-13.1264746543779
"853","Stewart","2003","01",-20.2214055299539
"854","Stewart","2003","02",-15.5394387755102
"855","Stewart","2003","03",-12.6186405529954
"856","Stewart","2003","04",-1.44860714285714
"857","Stewart","2003","11",-18.4118571428571
"858","Stewart","2003","12",-19.1060138248848
"859","Stewart","2004","01",-30.5035368663594
"860","Stewart","2004","02",-14.1825123152709
"861","Stewart","2004","03",-13.4848847926267
"862","Stewart","2004","04",-0.595154761904762
"863","Stewart","2004","11",-14.4052261904762
"864","Stewart","2004","12",-20.1962261904762
"865","Stewart","2005","01",-25.4873617511521
"866","Stewart","2005","02",-18.4071428571429
"867","Stewart","2005","03",-6.50948156682028
"868","Stewart","2005","04",0.279142857142857
"869","Stewart","2005","11",-14.2742619047619
"870","Stewart","2005","12",-14.7604723502304
"871","Stewart","2006","01",-22.5327188940092
"872","Stewart","2006","02",-15.5932908163265
"873","Stewart","2006","03",-14.8271082949309
"874","Stewart","2006","04",-1.49138095238095
"875","Stewart","2006","11",-27.4549642857143
"876","Stewart","2006","12",-15.3907718894009
"877","Stewart","2007","01",-19.1376958525346
"878","Stewart","2007","02",-25.8084693877551
"879","Stewart","2007","03",-18.365668202765
"880","Stewart","2007","04",0.286547619047619
"881","Stewart","2007","11",-11.790630952381
"882","Stewart","2007","12",-21.8786175115207
"883","Stewart","2008","01",-25.4253801843318
"884","Stewart","2008","02",-21.6935467980296
"885","Stewart","2008","03",-10.4095852534562
"886","Stewart","2008","04",-0.873845238095238
"887","Stewart","2008","11",-12.8645714285714
"888","Stewart","2008","12",-27.4796666666667
"889","Stewart","2009","01",-26.493801843318
"890","Stewart","2009","02",-21.9906760204082
"891","Stewart","2009","03",-15.6375460829493
"892","Stewart","2009","04",-1.1170119047619
"893","Stewart","2009","11",-14.7237261904762
"894","Stewart","2009","12",-19.2345852534562
"895","Stewart","2010","01",-20.0965783410138
"896","Stewart","2010","02",-12.7731760204082
"897","Stewart","2010","03",-7.1160599078341
"898","Stewart","2010","04",2.01752380952381
"899","Stewart","2010","11",-12.4006785714286
"900","Stewart","2010","12",-25.2267741935484
"901","Stewart","2011","01",-23.4213479262673
"902","Stewart","2011","02",-20.9061096938775
"903","Stewart","2011","03",-15.6395852534562
"904","Stewart","2011","04",-1.27953571428571
"905","Stewart","2011","11",-20.2136428571429
"906","Stewart","2011","12",-15.227569124424
"907","Stewart","2012","01",-25.683801843318
"908","Stewart","2012","02",-11.053842364532
"909","Stewart","2012","03",-12.323202764977
"910","Stewart","2012","04",1.22169047619048
"911","Stewart","2012","11",-22.8575119047619
"912","Stewart","2012","12",-29.8250119047619
"913","Stewart","2013","01",-21.6877880184332
"914","Stewart","2013","02",-13.5218112244898
"915","Stewart","2013","03",-14.7955529953917
"916","Stewart","2013","04",-7.10919047619048
"917","Stewart","2013","11",-17.885380952381
"918","Stewart","2013","12",-25.4702880184332
"919","Stewart","2014","01",-14.3375115207373
"920","Stewart","2014","02",-24.2636734693878
"921","Stewart","2014","03",-14.4145737327189
"922","Stewart","2014","04",-1.54609523809524
"923","Stewart","2014","11",-14.1784404761905
"924","Stewart","2014","12",-16.6311290322581
"925","Stewart","2015","01",-20.1110483870968
"926","Stewart","2015","02",-18.7798214285714
"927","Stewart","2015","03",-9.81342165898618
"928","Stewart","2015","04",0.35402380952381
"929","Stewart","2015","11",-13.7491904761905
"930","Stewart","2015","12",-17.0585023041475
"931","Teslin","1985","01",-7.03218475073314
"932","Teslin","1985","02",-17.1493831168831
"933","Teslin","1985","03",-7.3191862170088
"934","Teslin","1985","04",-1.96504545454545
"935","Teslin","1985","11",-20.4673106060606
"936","Teslin","1985","12",-9.8025219941349
"937","Teslin","1986","01",-10.6213636363636
"938","Teslin","1986","02",-14.8380681818182
"939","Teslin","1986","03",-6.58411290322581
"940","Teslin","1986","04",-4.33671212121212
"941","Teslin","1986","11",-12.9494621212121
"942","Teslin","1986","12",-9.25454545454545
"943","Teslin","1987","01",-12.4439442815249
"944","Teslin","1987","02",-9.9762987012987
"945","Teslin","1987","03",-11.0239809384164
"946","Teslin","1987","04",0.128840909090909
"947","Teslin","1987","11",-5.66978787878788
"948","Teslin","1987","12",-12.1664882697947
"949","Teslin","1988","01",-19.8946627565982
"950","Teslin","1988","02",-12.2408072100313
"951","Teslin","1988","03",-4.22673753665689
"952","Teslin","1988","04",0.602856060606061
"953","Teslin","1988","11",-9.58715909090909
"954","Teslin","1988","12",-13.3771742424242
"955","Teslin","1989","01",-21.4207258064516
"956","Teslin","1989","02",-19.054163961039
"957","Teslin","1989","03",-12.5480425219941
"958","Teslin","1989","04",1.38773484848485
"959","Teslin","1989","11",-13.0120833333333
"960","Teslin","1989","12",-9.26648093841642
"961","Teslin","1990","01",-19.3104618768328
"962","Teslin","1990","02",-19.2353977272727
"963","Teslin","1990","03",-5.19312316715543
"964","Teslin","1990","04",1.26438636363636
"965","Teslin","1990","11",-19.3003333333333
"966","Teslin","1990","12",-20.1483357771261
"967","Teslin","1991","01",-20.2330351906158
"968","Teslin","1991","02",-8.81758928571429
"969","Teslin","1991","03",-8.38037390029326
"970","Teslin","1991","04",1.22370454545455
"971","Teslin","1991","11",-9.86747727272727
"972","Teslin","1991","12",-13.7421407624633
"973","Teslin","1992","01",-11.0336730205279
"974","Teslin","1992","02",-12.3426880877743
"975","Teslin","1992","03",-5.02243401759531
"976","Teslin","1992","04",-0.965727272727273
"977","Teslin","1992","11",-6.93081060606061
"978","Teslin","1992","12",-21.2441666666667
"979","Teslin","1993","01",-20.3360263929619
"980","Teslin","1993","02",-14.5103814935065
"981","Teslin","1993","03",-7.28559384164223
"982","Teslin","1993","04",2.15073484848485
"983","Teslin","1993","11",-7.44134848484848
"984","Teslin","1993","12",-10.552206744868
"985","Teslin","1994","01",-19.2737903225806
"986","Teslin","1994","02",-23.9121266233766
"987","Teslin","1994","03",-4.27963343108504
"988","Teslin","1994","04",2.24155303030303
"989","Teslin","1994","11",-13.8616666666667
"990","Teslin","1994","12",-17.8653225806452
"991","Teslin","1995","01",-17.9075366568915
"992","Teslin","1995","02",-14.4810227272727
"993","Teslin","1995","03",-10.5346627565982
"994","Teslin","1995","04",2.08837878787879
"995","Teslin","1995","11",-13.719
"996","Teslin","1995","12",-18.718431085044
"997","Teslin","1996","01",-31.4423387096774
"998","Teslin","1996","02",-12.9537460815047
"999","Teslin","1996","03",-9.79021994134897
"1000","Teslin","1996","04",-0.910083333333333
"1001","Teslin","1996","11",-15.5667651515152
"1002","Teslin","1996","12",-21.0036590909091
"1003","Teslin","1997","01",-22.566275659824
"1004","Teslin","1997","02",-8.80310876623377
"1005","Teslin","1997","03",-11.137991202346
"1006","Teslin","1997","04",0.500969696969697
"1007","Teslin","1997","11",-7.64415151515152
"1008","Teslin","1997","12",-9.15315249266862
"1009","Teslin","1998","01",-21.922917888563
"1010","Teslin","1998","02",-9.96295454545455
"1011","Teslin","1998","03",-7.84218475073314
"1012","Teslin","1998","04",1.70843939393939
"1013","Teslin","1998","11",-11.1999621212121
"1014","Teslin","1998","12",-17.4043475073314
"1015","Teslin","1999","01",-21.5378225806452
"1016","Teslin","1999","02",-16.8364772727273
"1017","Teslin","1999","03",-7.38766129032258
"1018","Teslin","1999","04",0.325636363636364
"1019","Teslin","1999","11",-9.89812121212121
"1020","Teslin","1999","12",-10.174853372434
"1021","Teslin","2000","01",-19.5051539589443
"1022","Teslin","2000","02",-10.6998824451411
"1023","Teslin","2000","03",-5.06697214076246
"1024","Teslin","2000","04",-1.35387878787879
"1025","Teslin","2000","11",-7.08520454545455
"1026","Teslin","2000","12",-16.1606439393939
"1027","Teslin","2001","01",-8.90488269794721
"1028","Teslin","2001","02",-15.0453896103896
"1029","Teslin","2001","03",-7.86956744868035
"1030","Teslin","2001","04",0.0490606060606061
"1031","Teslin","2001","11",-10.1658863636364
"1032","Teslin","2001","12",-18.1562096774194
"1033","Teslin","2002","01",-15.2084237536657
"1034","Teslin","2002","02",-13.0181493506494
"1035","Teslin","2002","03",-13.0996407624633
"1036","Teslin","2002","04",-5.04724242424242
"1037","Teslin","2002","11",-4.66981818181818
"1038","Teslin","2002","12",-11.9123753665689
"1039","Teslin","2003","01",-14.8659090909091
"1040","Teslin","2003","02",-11.5711282467532
"1041","Teslin","2003","03",-9.36326246334311
"1042","Teslin","2003","04",-0.191386363636364
"1043","Teslin","2003","11",-12.0884393939394
"1044","Teslin","2003","12",-13.7162023460411
"1045","Teslin","2004","01",-22.3392961876833
"1046","Teslin","2004","02",-8.00638714733542
"1047","Teslin","2004","03",-7.51256598240469
"1048","Teslin","2004","04",0.998090909090909
"1049","Teslin","2004","11",-7.5090303030303
"1050","Teslin","2004","12",-11.9675303030303
"1051","Teslin","2005","01",-20.9810557184751
"1052","Teslin","2005","02",-13.0039448051948
"1053","Teslin","2005","03",-3.52850439882698
"1054","Teslin","2005","04",1.78526515151515
"1055","Teslin","2005","11",-7.00909090909091
"1056","Teslin","2005","12",-11.036224340176
"1057","Teslin","2006","01",-17.7510410557185
"1058","Teslin","2006","02",-13.9118912337662
"1059","Teslin","2006","03",-11.792206744868
"1060","Teslin","2006","04",0.188113636363636
"1061","Teslin","2006","11",-21.5787121212121
"1062","Teslin","2006","12",-11.1597727272727
"1063","Teslin","2007","01",-13.6794281524927
"1064","Teslin","2007","02",-17.8697808441558
"1065","Teslin","2007","03",-12.473995601173
"1066","Teslin","2007","04",-0.681143939393939
"1067","Teslin","2007","11",-8.32906818181818
"1068","Teslin","2007","12",-17.6075806451613
"1069","Teslin","2008","01",-21.2361217008798
"1070","Teslin","2008","02",-16.1815752351097
"1071","Teslin","2008","03",-7.05268328445748
"1072","Teslin","2008","04",-0.584151515151515
"1073","Teslin","2008","11",-8.45744696969697
"1074","Teslin","2008","12",-22.1049772727273
"1075","Teslin","2009","01",-19.9112536656891
"1076","Teslin","2009","02",-17.6999675324675
"1077","Teslin","2009","03",-11.7954472140762
"1078","Teslin","2009","04",-0.592651515151515
"1079","Teslin","2009","11",-9.40608333333333
"1080","Teslin","2009","12",-16.4091788856305
"1081","Teslin","2010","01",-16.5653079178886
"1082","Teslin","2010","02",-9.85658279220779
"1083","Teslin","2010","03",-4.36549120234604
"1084","Teslin","2010","04",1.54322727272727
"1085","Teslin","2010","11",-8.30584090909091
"1086","Teslin","2010","12",-21.0409237536657
"1087","Teslin","2011","01",-17.4219574780059
"1088","Teslin","2011","02",-16.069650974026
"1089","Teslin","2011","03",-12.7676612903226
"1090","Teslin","2011","04",-0.497424242424242
"1091","Teslin","2011","11",-13.9064848484848
"1092","Teslin","2011","12",-9.42771994134897
"1093","Teslin","2012","01",-18.6575
"1094","Teslin","2012","02",-9.08887147335423
"1095","Teslin","2012","03",-8.31405425219941
"1096","Teslin","2012","04",1.36419696969697
"1097","Teslin","2012","11",-15.1116590909091
"1098","Teslin","2012","12",-22.6977348484848
"1099","Teslin","2013","01",-15.5044208211144
"1100","Teslin","2013","02",-7.33386363636364
"1101","Teslin","2013","03",-11.4425439882698
"1102","Teslin","2013","04",-3.91622727272727
"1103","Teslin","2013","11",-12.6334924242424
"1104","Teslin","2013","12",-19.2463343108504
"1105","Teslin","2014","01",-8.6400293255132
"1106","Teslin","2014","02",-19.9565746753247
"1107","Teslin","2014","03",-11.5058137829912
"1108","Teslin","2014","04",-0.0664772727272727
"1109","Teslin","2014","11",-9.38831818181818
"1110","Teslin","2014","12",-12.9684017595308
"1111","Teslin","2015","01",-12.4864149560117
"1112","Teslin","2015","02",-13.4084902597403
"1113","Teslin","2015","03",-4.90426686217009
"1114","Teslin","2015","04",1.88840151515152
"1115","Teslin","2015","11",-8.41269696969697
"1116","Teslin","2015","12",-14.4344574780059
"1117","Upper Lakes and Mainstem","1985","01",-5.9573185483871
"1118","Upper Lakes and Mainstem","1985","02",-18.5915848214286
"1119","Upper Lakes and Mainstem","1985","03",-6.83453629032258
"1120","Upper Lakes and Mainstem","1985","04",-1.23489583333333
"1121","Upper Lakes and Mainstem","1985","11",-19.6781458333333
"1122","Upper Lakes and Mainstem","1985","12",-8.63834677419355
"1123","Upper Lakes and Mainstem","1986","01",-9.70012096774193
"1124","Upper Lakes and Mainstem","1986","02",-13.7011830357143
"1125","Upper Lakes and Mainstem","1986","03",-8.09979838709677
"1126","Upper Lakes and Mainstem","1986","04",-4.47916666666667
"1127","Upper Lakes and Mainstem","1986","11",-12.5796875
"1128","Upper Lakes and Mainstem","1986","12",-7.57427419354839
"1129","Upper Lakes and Mainstem","1987","01",-10.3762298387097
"1130","Upper Lakes and Mainstem","1987","02",-8.76493303571429
"1131","Upper Lakes and Mainstem","1987","03",-11.005625
"1132","Upper Lakes and Mainstem","1987","04",1.17804166666667
"1133","Upper Lakes and Mainstem","1987","11",-5.116375
"1134","Upper Lakes and Mainstem","1987","12",-12.1809475806452
"1135","Upper Lakes and Mainstem","1988","01",-20.089939516129
"1136","Upper Lakes and Mainstem","1988","02",-11.5654094827586
"1137","Upper Lakes and Mainstem","1988","03",-3.8160685483871
"1138","Upper Lakes and Mainstem","1988","04",1.5419375
"1139","Upper Lakes and Mainstem","1988","11",-9.1165625
"1140","Upper Lakes and Mainstem","1988","12",-12.039125
"1141","Upper Lakes and Mainstem","1989","01",-22.7868951612903
"1142","Upper Lakes and Mainstem","1989","02",-18.67046875
"1143","Upper Lakes and Mainstem","1989","03",-12.6716935483871
"1144","Upper Lakes and Mainstem","1989","04",2.36445833333333
"1145","Upper Lakes and Mainstem","1989","11",-13.9340833333333
"1146","Upper Lakes and Mainstem","1989","12",-8.03959677419355
"1147","Upper Lakes and Mainstem","1990","01",-19.6576612903226
"1148","Upper Lakes and Mainstem","1990","02",-21.0223214285714
"1149","Upper Lakes and Mainstem","1990","03",-4.44524193548387
"1150","Upper Lakes and Mainstem","1990","04",2.39166666666667
"1151","Upper Lakes and Mainstem","1990","11",-20.1927916666667
"1152","Upper Lakes and Mainstem","1990","12",-19.3257459677419
"1153","Upper Lakes and Mainstem","1991","01",-19.7810483870968
"1154","Upper Lakes and Mainstem","1991","02",-8.96964285714286
"1155","Upper Lakes and Mainstem","1991","03",-7.83129032258064
"1156","Upper Lakes and Mainstem","1991","04",2.14014583333333
"1157","Upper Lakes and Mainstem","1991","11",-10.1840208333333
"1158","Upper Lakes and Mainstem","1991","12",-12.8434677419355
"1159","Upper Lakes and Mainstem","1992","01",-10.1930040322581
"1160","Upper Lakes and Mainstem","1992","02",-12.2677586206897
"1161","Upper Lakes and Mainstem","1992","03",-4.10403225806452
"1162","Upper Lakes and Mainstem","1992","04",-0.03025
"1163","Upper Lakes and Mainstem","1992","11",-5.6535625
"1164","Upper Lakes and Mainstem","1992","12",-19.5347916666667
"1165","Upper Lakes and Mainstem","1993","01",-18.9837298387097
"1166","Upper Lakes and Mainstem","1993","02",-13.1027678571429
"1167","Upper Lakes and Mainstem","1993","03",-5.78935483870968
"1168","Upper Lakes and Mainstem","1993","04",3.10277083333333
"1169","Upper Lakes and Mainstem","1993","11",-7.67858333333333
"1170","Upper Lakes and Mainstem","1993","12",-10.2438306451613
"1171","Upper Lakes and Mainstem","1994","01",-18.0694758064516
"1172","Upper Lakes and Mainstem","1994","02",-22.6801116071429
"1173","Upper Lakes and Mainstem","1994","03",-3.85627016129032
"1174","Upper Lakes and Mainstem","1994","04",3.6106875
"1175","Upper Lakes and Mainstem","1994","11",-13.8039166666667
"1176","Upper Lakes and Mainstem","1994","12",-17.1460685483871
"1177","Upper Lakes and Mainstem","1995","01",-16.9258467741935
"1178","Upper Lakes and Mainstem","1995","02",-13.2085044642857
"1179","Upper Lakes and Mainstem","1995","03",-10.6052419354839
"1180","Upper Lakes and Mainstem","1995","04",3.23529166666667
"1181","Upper Lakes and Mainstem","1995","11",-12.9552083333333
"1182","Upper Lakes and Mainstem","1995","12",-16.7472580645161
"1183","Upper Lakes and Mainstem","1996","01",-31.803125
"1184","Upper Lakes and Mainstem","1996","02",-11.8325431034483
"1185","Upper Lakes and Mainstem","1996","03",-8.88959677419355
"1186","Upper Lakes and Mainstem","1996","04",0.386833333333333
"1187","Upper Lakes and Mainstem","1996","11",-15.3261458333333
"1188","Upper Lakes and Mainstem","1996","12",-20.2945833333333
"1189","Upper Lakes and Mainstem","1997","01",-21.6435887096774
"1190","Upper Lakes and Mainstem","1997","02",-6.85743303571429
"1191","Upper Lakes and Mainstem","1997","03",-10.2007459677419
"1192","Upper Lakes and Mainstem","1997","04",1.60277083333333
"1193","Upper Lakes and Mainstem","1997","11",-5.912375
"1194","Upper Lakes and Mainstem","1997","12",-8.07074596774194
"1195","Upper Lakes and Mainstem","1998","01",-20.7654233870968
"1196","Upper Lakes and Mainstem","1998","02",-8.79308035714286
"1197","Upper Lakes and Mainstem","1998","03",-7.04070564516129
"1198","Upper Lakes and Mainstem","1998","04",2.77585416666667
"1199","Upper Lakes and Mainstem","1998","11",-9.90995833333333
"1200","Upper Lakes and Mainstem","1998","12",-16.9928024193548
"1201","Upper Lakes and Mainstem","1999","01",-21.3050201612903
"1202","Upper Lakes and Mainstem","1999","02",-18.1740401785714
"1203","Upper Lakes and Mainstem","1999","03",-6.54485887096774
"1204","Upper Lakes and Mainstem","1999","04",1.02360416666667
"1205","Upper Lakes and Mainstem","1999","11",-9.61258333333333
"1206","Upper Lakes and Mainstem","1999","12",-10.4102217741935
"1207","Upper Lakes and Mainstem","2000","01",-18.054435483871
"1208","Upper Lakes and Mainstem","2000","02",-8.26739224137931
"1209","Upper Lakes and Mainstem","2000","03",-3.55985887096774
"1210","Upper Lakes and Mainstem","2000","04",0.446958333333333
"1211","Upper Lakes and Mainstem","2000","11",-5.6169375
"1212","Upper Lakes and Mainstem","2000","12",-14.71075
"1213","Upper Lakes and Mainstem","2001","01",-6.58822580645161
"1214","Upper Lakes and Mainstem","2001","02",-13.1694642857143
"1215","Upper Lakes and Mainstem","2001","03",-7.06786290322581
"1216","Upper Lakes and Mainstem","2001","04",1.057125
"1217","Upper Lakes and Mainstem","2001","11",-10.0671458333333
"1218","Upper Lakes and Mainstem","2001","12",-18.2942540322581
"1219","Upper Lakes and Mainstem","2002","01",-13.5848790322581
"1220","Upper Lakes and Mainstem","2002","02",-12.2593526785714
"1221","Upper Lakes and Mainstem","2002","03",-12.1320967741935
"1222","Upper Lakes and Mainstem","2002","04",-4.18629166666667
"1223","Upper Lakes and Mainstem","2002","11",-2.380625
"1224","Upper Lakes and Mainstem","2002","12",-10.6572580645161
"1225","Upper Lakes and Mainstem","2003","01",-14.9016532258065
"1226","Upper Lakes and Mainstem","2003","02",-9.77685267857143
"1227","Upper Lakes and Mainstem","2003","03",-8.77354838709677
"1228","Upper Lakes and Mainstem","2003","04",0.478875
"1229","Upper Lakes and Mainstem","2003","11",-11.5933958333333
"1230","Upper Lakes and Mainstem","2003","12",-13.4325201612903
"1231","Upper Lakes and Mainstem","2004","01",-22.9518548387097
"1232","Upper Lakes and Mainstem","2004","02",-6.86515086206897
"1233","Upper Lakes and Mainstem","2004","03",-6.57701612903226
"1234","Upper Lakes and Mainstem","2004","04",2.48854166666667
"1235","Upper Lakes and Mainstem","2004","11",-7.08433333333333
"1236","Upper Lakes and Mainstem","2004","12",-11.2976041666667
"1237","Upper Lakes and Mainstem","2005","01",-19.7326814516129
"1238","Upper Lakes and Mainstem","2005","02",-11.7546428571429
"1239","Upper Lakes and Mainstem","2005","03",-2.07844758064516
"1240","Upper Lakes and Mainstem","2005","04",2.6798125
"1241","Upper Lakes and Mainstem","2005","11",-7.66429166666667
"1242","Upper Lakes and Mainstem","2005","12",-8.77026209677419
"1243","Upper Lakes and Mainstem","2006","01",-18.1369153225806
"1244","Upper Lakes and Mainstem","2006","02",-11.8034821428571
"1245","Upper Lakes and Mainstem","2006","03",-11.2164516129032
"1246","Upper Lakes and Mainstem","2006","04",0.874229166666667
"1247","Upper Lakes and Mainstem","2006","11",-21.5658958333333
"1248","Upper Lakes and Mainstem","2006","12",-10.2542540322581
"1249","Upper Lakes and Mainstem","2007","01",-13.3645362903226
"1250","Upper Lakes and Mainstem","2007","02",-17.7522991071429
"1251","Upper Lakes and Mainstem","2007","03",-13.1011290322581
"1252","Upper Lakes and Mainstem","2007","04",0.121375
"1253","Upper Lakes and Mainstem","2007","11",-6.82891666666667
"1254","Upper Lakes and Mainstem","2007","12",-17.0424193548387
"1255","Upper Lakes and Mainstem","2008","01",-19.1541935483871
"1256","Upper Lakes and Mainstem","2008","02",-14.5402801724138
"1257","Upper Lakes and Mainstem","2008","03",-5.89239919354839
"1258","Upper Lakes and Mainstem","2008","04",0.451604166666667
"1259","Upper Lakes and Mainstem","2008","11",-8.7965625
"1260","Upper Lakes and Mainstem","2008","12",-20.5735416666667
"1261","Upper Lakes and Mainstem","2009","01",-18.8942137096774
"1262","Upper Lakes and Mainstem","2009","02",-17.3229241071429
"1263","Upper Lakes and Mainstem","2009","03",-10.6695967741935
"1264","Upper Lakes and Mainstem","2009","04",0.189145833333333
"1265","Upper Lakes and Mainstem","2009","11",-8.844375
"1266","Upper Lakes and Mainstem","2009","12",-13.561189516129
"1267","Upper Lakes and Mainstem","2010","01",-14.6540120967742
"1268","Upper Lakes and Mainstem","2010","02",-7.08129464285714
"1269","Upper Lakes and Mainstem","2010","03",-3.39129032258065
"1270","Upper Lakes and Mainstem","2010","04",2.3325625
"1271","Upper Lakes and Mainstem","2010","11",-6.53054166666667
"1272","Upper Lakes and Mainstem","2010","12",-19.7060685483871
"1273","Upper Lakes and Mainstem","2011","01",-15.4809475806452
"1274","Upper Lakes and Mainstem","2011","02",-14.8188392857143
"1275","Upper Lakes and Mainstem","2011","03",-11.4974798387097
"1276","Upper Lakes and Mainstem","2011","04",0.757375
"1277","Upper Lakes and Mainstem","2011","11",-13.87475
"1278","Upper Lakes and Mainstem","2011","12",-8.10653225806452
"1279","Upper Lakes and Mainstem","2012","01",-18.9161693548387
"1280","Upper Lakes and Mainstem","2012","02",-7.16202586206897
"1281","Upper Lakes and Mainstem","2012","03",-7.3026814516129
"1282","Upper Lakes and Mainstem","2012","04",2.41477083333333
"1283","Upper Lakes and Mainstem","2012","11",-15.0578958333333
"1284","Upper Lakes and Mainstem","2012","12",-21.7295
"1285","Upper Lakes and Mainstem","2013","01",-14.3347580645161
"1286","Upper Lakes and Mainstem","2013","02",-6.98129464285714
"1287","Upper Lakes and Mainstem","2013","03",-10.124314516129
"1288","Upper Lakes and Mainstem","2013","04",-3.504125
"1289","Upper Lakes and Mainstem","2013","11",-11.7373333333333
"1290","Upper Lakes and Mainstem","2013","12",-18.9138508064516
"1291","Upper Lakes and Mainstem","2014","01",-7.25189516129032
"1292","Upper Lakes and Mainstem","2014","02",-17.5885491071429
"1293","Upper Lakes and Mainstem","2014","03",-9.79008064516129
"1294","Upper Lakes and Mainstem","2014","04",0.8595
"1295","Upper Lakes and Mainstem","2014","11",-8.2523125
"1296","Upper Lakes and Mainstem","2014","12",-10.7851612903226
"1297","Upper Lakes and Mainstem","2015","01",-12.6165322580645
"1298","Upper Lakes and Mainstem","2015","02",-12.723125
"1299","Upper Lakes and Mainstem","2015","03",-4.12338709677419
"1300","Upper Lakes and Mainstem","2015","04",2.52604166666667
"1301","Upper Lakes and Mainstem","2015","11",-7.75764583333333
"1302","Upper Lakes and Mainstem","2015","12",-13.1671169354839
"1303","White Donjek","1985","01",-11.8248790322581
"1304","White Donjek","1985","02",-23.3133482142857
"1305","White Donjek","1985","03",-10.5121774193548
"1306","White Donjek","1985","04",-4.43979166666667
"1307","White Donjek","1985","11",-22.2354583333333
"1308","White Donjek","1985","12",-13.7423387096774
"1309","White Donjek","1986","01",-17.149435483871
"1310","White Donjek","1986","02",-17.6993303571429
"1311","White Donjek","1986","03",-13.2911693548387
"1312","White Donjek","1986","04",-7.047875
"1313","White Donjek","1986","11",-17.6014583333333
"1314","White Donjek","1986","12",-14.3304032258065
"1315","White Donjek","1987","01",-16.8685887096774
"1316","White Donjek","1987","02",-14.3041071428571
"1317","White Donjek","1987","03",-13.8513306451613
"1318","White Donjek","1987","04",-0.454541666666667
"1319","White Donjek","1987","11",-11.6465416666667
"1320","White Donjek","1987","12",-18.9603225806452
"1321","White Donjek","1988","01",-24.1442338709677
"1322","White Donjek","1988","02",-17.5171120689655
"1323","White Donjek","1988","03",-7.62443548387097
"1324","White Donjek","1988","04",0.28
"1325","White Donjek","1988","11",-15.890125
"1326","White Donjek","1988","12",-17.4914166666667
"1327","White Donjek","1989","01",-28.9334274193548
"1328","White Donjek","1989","02",-20.7527232142857
"1329","White Donjek","1989","03",-16.0460080645161
"1330","White Donjek","1989","04",1.12025
"1331","White Donjek","1989","11",-20.2850833333333
"1332","White Donjek","1989","12",-14.8824596774194
"1333","White Donjek","1990","01",-24.7041532258065
"1334","White Donjek","1990","02",-27.0747321428571
"1335","White Donjek","1990","03",-8.69657258064516
"1336","White Donjek","1990","04",1.21329166666667
"1337","White Donjek","1990","11",-24.3045833333333
"1338","White Donjek","1990","12",-23.3801209677419
"1339","White Donjek","1991","01",-23.9531451612903
"1340","White Donjek","1991","02",-16.2905357142857
"1341","White Donjek","1991","03",-9.95625
"1342","White Donjek","1991","04",1.04370833333333
"1343","White Donjek","1991","11",-16.1185
"1344","White Donjek","1991","12",-19.6188709677419
"1345","White Donjek","1992","01",-17.9779435483871
"1346","White Donjek","1992","02",-18.8987931034483
"1347","White Donjek","1992","03",-7.88971774193548
"1348","White Donjek","1992","04",-2.00320833333333
"1349","White Donjek","1992","11",-11.2241666666667
"1350","White Donjek","1992","12",-23.3519583333333
"1351","White Donjek","1993","01",-22.2996370967742
"1352","White Donjek","1993","02",-16.3600446428571
"1353","White Donjek","1993","03",-9.20286290322581
"1354","White Donjek","1993","04",1.82983333333333
"1355","White Donjek","1993","11",-13.39925
"1356","White Donjek","1993","12",-17.4770161290323
"1357","White Donjek","1994","01",-22.4694758064516
"1358","White Donjek","1994","02",-24.4404464285714
"1359","White Donjek","1994","03",-8.28903225806452
"1360","White Donjek","1994","04",2.35245833333333
"1361","White Donjek","1994","11",-17.9457916666667
"1362","White Donjek","1994","12",-21.5183467741935
"1363","White Donjek","1995","01",-22.1960483870968
"1364","White Donjek","1995","02",-16.4198660714286
"1365","White Donjek","1995","03",-13.8359677419355
"1366","White Donjek","1995","04",2.60583333333333
"1367","White Donjek","1995","11",-19.22825
"1368","White Donjek","1995","12",-23.028064516129
"1369","White Donjek","1996","01",-33.1157661290323
"1370","White Donjek","1996","02",-16.010474137931
"1371","White Donjek","1996","03",-11.5360887096774
"1372","White Donjek","1996","04",-0.895208333333333
"1373","White Donjek","1996","11",-20.006375
"1374","White Donjek","1996","12",-25.9830833333333
"1375","White Donjek","1997","01",-27.1450806451613
"1376","White Donjek","1997","02",-12.1733482142857
"1377","White Donjek","1997","03",-15.2682661290323
"1378","White Donjek","1997","04",-0.408541666666667
"1379","White Donjek","1997","11",-11.54925
"1380","White Donjek","1997","12",-16.9072983870968
"1381","White Donjek","1998","01",-25.3982258064516
"1382","White Donjek","1998","02",-14.5619642857143
"1383","White Donjek","1998","03",-10.0556048387097
"1384","White Donjek","1998","04",1.73779166666667
"1385","White Donjek","1998","11",-15.4120833333333
"1386","White Donjek","1998","12",-23.6889919354839
"1387","White Donjek","1999","01",-27.2160483870968
"1388","White Donjek","1999","02",-24.6304910714286
"1389","White Donjek","1999","03",-11.1604032258065
"1390","White Donjek","1999","04",-0.844875
"1391","White Donjek","1999","11",-17.3050833333333
"1392","White Donjek","1999","12",-18.4562096774194
"1393","White Donjek","2000","01",-22.7159677419355
"1394","White Donjek","2000","02",-11.5841379310345
"1395","White Donjek","2000","03",-6.80963709677419
"1396","White Donjek","2000","04",-0.98225
"1397","White Donjek","2000","11",-12.0318333333333
"1398","White Donjek","2000","12",-20.5517916666667
"1399","White Donjek","2001","01",-13.7828225806452
"1400","White Donjek","2001","02",-15.5525446428571
"1401","White Donjek","2001","03",-10.1862096774194
"1402","White Donjek","2001","04",0.183958333333333
"1403","White Donjek","2001","11",-16.5142083333333
"1404","White Donjek","2001","12",-23.9989516129032
"1405","White Donjek","2002","01",-18.0252419354839
"1406","White Donjek","2002","02",-17.8331696428571
"1407","White Donjek","2002","03",-14.9210483870968
"1408","White Donjek","2002","04",-5.94720833333333
"1409","White Donjek","2002","11",-6.98529166666667
"1410","White Donjek","2002","12",-16.8012096774194
"1411","White Donjek","2003","01",-19.7139112903226
"1412","White Donjek","2003","02",-12.5985714285714
"1413","White Donjek","2003","03",-12.8347580645161
"1414","White Donjek","2003","04",-1.31133333333333
"1415","White Donjek","2003","11",-16.182
"1416","White Donjek","2003","12",-21.6213306451613
"1417","White Donjek","2004","01",-29.2362096774194
"1418","White Donjek","2004","02",-13.3387931034483
"1419","White Donjek","2004","03",-12.0438709677419
"1420","White Donjek","2004","04",0.697208333333333
"1421","White Donjek","2004","11",-13.5194166666667
"1422","White Donjek","2004","12",-19.0250416666667
"1423","White Donjek","2005","01",-21.9156451612903
"1424","White Donjek","2005","02",-16.4952232142857
"1425","White Donjek","2005","03",-5.04629032258064
"1426","White Donjek","2005","04",1.62654166666667
"1427","White Donjek","2005","11",-15.206125
"1428","White Donjek","2005","12",-14.1246370967742
"1429","White Donjek","2006","01",-22.816814516129
"1430","White Donjek","2006","02",-14.5629464285714
"1431","White Donjek","2006","03",-13.6547580645161
"1432","White Donjek","2006","04",-1.049
"1433","White Donjek","2006","11",-24.7779166666667
"1434","White Donjek","2006","12",-16.4597177419355
"1435","White Donjek","2007","01",-18.8261693548387
"1436","White Donjek","2007","02",-21.0053571428571
"1437","White Donjek","2007","03",-18.5047983870968
"1438","White Donjek","2007","04",0.265208333333333
"1439","White Donjek","2007","11",-10.2400416666667
"1440","White Donjek","2007","12",-22.101814516129
"1441","White Donjek","2008","01",-23.4917338709677
"1442","White Donjek","2008","02",-19.6716810344828
"1443","White Donjek","2008","03",-7.95850806451613
"1444","White Donjek","2008","04",-0.221125
"1445","White Donjek","2008","11",-14.0498333333333
"1446","White Donjek","2008","12",-23.3219166666667
"1447","White Donjek","2009","01",-23.4227016129032
"1448","White Donjek","2009","02",-19.0865625
"1449","White Donjek","2009","03",-13.7048387096774
"1450","White Donjek","2009","04",-0.891166666666667
"1451","White Donjek","2009","11",-15.0002916666667
"1452","White Donjek","2009","12",-16.748064516129
"1453","White Donjek","2010","01",-19.0511693548387
"1454","White Donjek","2010","02",-12.0436160714286
"1455","White Donjek","2010","03",-7.67979838709677
"1456","White Donjek","2010","04",0.992375
"1457","White Donjek","2010","11",-10.5430833333333
"1458","White Donjek","2010","12",-24.3590725806452
"1459","White Donjek","2011","01",-20.1923387096774
"1460","White Donjek","2011","02",-19.0040625
"1461","White Donjek","2011","03",-14.9441935483871
"1462","White Donjek","2011","04",-0.647
"1463","White Donjek","2011","11",-19.467125
"1464","White Donjek","2011","12",-13.7968951612903
"1465","White Donjek","2012","01",-26.4119758064516
"1466","White Donjek","2012","02",-11.2775862068966
"1467","White Donjek","2012","03",-12.0653225806452
"1468","White Donjek","2012","04",1.59441666666667
"1469","White Donjek","2012","11",-21.1825833333333
"1470","White Donjek","2012","12",-27.228
"1471","White Donjek","2013","01",-18.1280241935484
"1472","White Donjek","2013","02",-13.1908482142857
"1473","White Donjek","2013","03",-12.4802822580645
"1474","White Donjek","2013","04",-7.06316666666667
"1475","White Donjek","2013","11",-15.2295833333333
"1476","White Donjek","2013","12",-22.751814516129
"1477","White Donjek","2014","01",-11.1987096774194
"1478","White Donjek","2014","02",-21.0056696428571
"1479","White Donjek","2014","03",-11.2191129032258
"1480","White Donjek","2014","04",-0.392958333333333
"1481","White Donjek","2014","11",-12.6996666666667
"1482","White Donjek","2014","12",-15.4759274193548
"1483","White Donjek","2015","01",-19.1221774193548
"1484","White Donjek","2015","02",-16.2892410714286
"1485","White Donjek","2015","03",-7.98939516129032
"1486","White Donjek","2015","04",1.2855
"1487","White Donjek","2015","11",-12.3787083333333
"1488","White Donjek","2015","12",-18.1833467741935
