OID_,LOCATIONID,X,Y,sst,StdTime,StdTime_Max,Dimensions
1,1,-169.999999999999972,55.000000000000057,3.701290369000000,1987-01-01 0:00:00,1987-02-01 0:00:00,StdTime
2,1,-169.999999999999972,55.000000000000057,3.677142859000000,1987-02-01 0:00:00,1987-03-01 0:00:00,StdTime
3,1,-169.999999999999972,55.000000000000057,3.607096672000000,1987-03-01 0:00:00,1987-04-01 0:00:00,StdTime
4,1,-169.999999999999972,55.000000000000057,4.008666515000000,1987-04-01 0:00:00,1987-05-01 0:00:00,StdTime
5,1,-169.999999999999972,55.000000000000057,4.542580605000000,1987-05-01 0:00:00,1987-06-01 0:00:00,StdTime
6,1,-169.999999999999972,55.000000000000057,6.512333393000000,1987-06-01 0:00:00,1987-07-01 0:00:00,StdTime
7,1,-169.999999999999972,55.000000000000057,8.014838219000000,1987-07-01 0:00:00,1987-08-01 0:00:00,StdTime
8,1,-169.999999999999972,55.000000000000057,8.633871078000000,1987-08-01 0:00:00,1987-09-01 0:00:00,StdTime
9,1,-169.999999999999972,55.000000000000057,8.738666534000000,1987-09-01 0:00:00,1987-10-01 0:00:00,StdTime
10,1,-169.999999999999972,55.000000000000057,6.685483932000000,1987-10-01 0:00:00,1987-11-01 0:00:00,StdTime
11,1,-169.999999999999972,55.000000000000057,5.124666691000000,1987-11-01 0:00:00,1987-12-01 0:00:00,StdTime
12,1,-169.999999999999972,55.000000000000057,4.236773968000000,1987-12-01 0:00:00,1988-01-01 0:00:00,StdTime
13,1,-169.999999999999972,55.000000000000057,3.482257843000000,1988-01-01 0:00:00,1988-02-01 0:00:00,StdTime
14,1,-169.999999999999972,55.000000000000057,3.393448114000000,1988-02-01 0:00:00,1988-03-01 0:00:00,StdTime
15,1,-169.999999999999972,55.000000000000057,2.739677429000000,1988-03-01 0:00:00,1988-04-01 0:00:00,StdTime
16,1,-169.999999999999972,55.000000000000057,2.845333338000000,1988-04-01 0:00:00,1988-05-01 0:00:00,StdTime
17,1,-169.999999999999972,55.000000000000057,3.929999828000000,1988-05-01 0:00:00,1988-06-01 0:00:00,StdTime
18,1,-169.999999999999972,55.000000000000057,5.434000015000000,1988-06-01 0:00:00,1988-07-01 0:00:00,StdTime
19,1,-169.999999999999972,55.000000000000057,7.414193630000000,1988-07-01 0:00:00,1988-08-01 0:00:00,StdTime
20,1,-169.999999999999972,55.000000000000057,8.551935196000001,1988-08-01 0:00:00,1988-09-01 0:00:00,StdTime
21,1,-169.999999999999972,55.000000000000057,8.205332756000001,1988-09-01 0:00:00,1988-10-01 0:00:00,StdTime
22,1,-169.999999999999972,55.000000000000057,6.685161114000000,1988-10-01 0:00:00,1988-11-01 0:00:00,StdTime
23,1,-169.999999999999972,55.000000000000057,5.263000011000000,1988-11-01 0:00:00,1988-12-01 0:00:00,StdTime
24,1,-169.999999999999972,55.000000000000057,3.952903032000000,1988-12-01 0:00:00,1989-01-01 0:00:00,StdTime
25,1,-169.999999999999972,55.000000000000057,3.469032288000000,1989-01-01 0:00:00,1989-02-01 0:00:00,StdTime
26,1,-169.999999999999972,55.000000000000057,3.355000019000000,1989-02-01 0:00:00,1989-03-01 0:00:00,StdTime
27,1,-169.999999999999972,55.000000000000057,2.988387108000000,1989-03-01 0:00:00,1989-04-01 0:00:00,StdTime
28,1,-169.999999999999972,55.000000000000057,2.751666546000000,1989-04-01 0:00:00,1989-05-01 0:00:00,StdTime
29,1,-169.999999999999972,55.000000000000057,4.149354935000000,1989-05-01 0:00:00,1989-06-01 0:00:00,StdTime
30,1,-169.999999999999972,55.000000000000057,5.414333344000000,1989-06-01 0:00:00,1989-07-01 0:00:00,StdTime
31,1,-169.999999999999972,55.000000000000057,8.064516068000000,1989-07-01 0:00:00,1989-08-01 0:00:00,StdTime
32,1,-169.999999999999972,55.000000000000057,9.459354401000001,1989-08-01 0:00:00,1989-09-01 0:00:00,StdTime
33,1,-169.999999999999972,55.000000000000057,8.510333061000001,1989-09-01 0:00:00,1989-10-01 0:00:00,StdTime
34,1,-169.999999999999972,55.000000000000057,6.746774197000000,1989-10-01 0:00:00,1989-11-01 0:00:00,StdTime
35,1,-169.999999999999972,55.000000000000057,5.358999729000000,1989-11-01 0:00:00,1989-12-01 0:00:00,StdTime
36,1,-169.999999999999972,55.000000000000057,3.851935387000000,1989-12-01 0:00:00,1990-01-01 0:00:00,StdTime
37,1,-169.999999999999972,55.000000000000057,3.678709507000000,1990-01-01 0:00:00,1990-02-01 0:00:00,StdTime
38,1,-169.999999999999972,55.000000000000057,2.997857094000000,1990-02-01 0:00:00,1990-03-01 0:00:00,StdTime
39,1,-169.999999999999972,55.000000000000057,2.934838772000000,1990-03-01 0:00:00,1990-04-01 0:00:00,StdTime
40,1,-169.999999999999972,55.000000000000057,3.525999784000000,1990-04-01 0:00:00,1990-05-01 0:00:00,StdTime
41,1,-169.999999999999972,55.000000000000057,4.274516106000000,1990-05-01 0:00:00,1990-06-01 0:00:00,StdTime
42,1,-169.999999999999972,55.000000000000057,6.189332962000000,1990-06-01 0:00:00,1990-07-01 0:00:00,StdTime
43,1,-169.999999999999972,55.000000000000057,7.783225536000000,1990-07-01 0:00:00,1990-08-01 0:00:00,StdTime
44,1,-169.999999999999972,55.000000000000057,8.609354973000000,1990-08-01 0:00:00,1990-09-01 0:00:00,StdTime
45,1,-169.999999999999972,55.000000000000057,8.569333075999999,1990-09-01 0:00:00,1990-10-01 0:00:00,StdTime
46,1,-169.999999999999972,55.000000000000057,6.863870621000000,1990-10-01 0:00:00,1990-11-01 0:00:00,StdTime
47,1,-169.999999999999972,55.000000000000057,5.208999634000000,1990-11-01 0:00:00,1990-12-01 0:00:00,StdTime
48,1,-169.999999999999972,55.000000000000057,4.221290112000000,1990-12-01 0:00:00,1991-01-01 0:00:00,StdTime
49,1,-169.999999999999972,55.000000000000057,3.842580557000000,1991-01-01 0:00:00,1991-02-01 0:00:00,StdTime
50,1,-169.999999999999972,55.000000000000057,2.744999886000000,1991-02-01 0:00:00,1991-03-01 0:00:00,StdTime
51,1,-169.999999999999972,55.000000000000057,3.152580500000000,1991-03-01 0:00:00,1991-04-01 0:00:00,StdTime
52,1,-169.999999999999972,55.000000000000057,3.105333328000000,1991-04-01 0:00:00,1991-05-01 0:00:00,StdTime
53,1,-169.999999999999972,55.000000000000057,3.998709679000000,1991-05-01 0:00:00,1991-06-01 0:00:00,StdTime
54,1,-169.999999999999972,55.000000000000057,5.124000072000000,1991-06-01 0:00:00,1991-07-01 0:00:00,StdTime
55,1,-169.999999999999972,55.000000000000057,8.063548087999999,1991-07-01 0:00:00,1991-08-01 0:00:00,StdTime
56,1,-169.999999999999972,55.000000000000057,8.485484123000001,1991-08-01 0:00:00,1991-09-01 0:00:00,StdTime
57,1,-169.999999999999972,55.000000000000057,8.592999458000000,1991-09-01 0:00:00,1991-10-01 0:00:00,StdTime
58,1,-169.999999999999972,55.000000000000057,7.119031906000000,1991-10-01 0:00:00,1991-11-01 0:00:00,StdTime
59,1,-169.999999999999972,55.000000000000057,5.758333206000000,1991-11-01 0:00:00,1991-12-01 0:00:00,StdTime
60,1,-169.999999999999972,55.000000000000057,4.300000191000000,1991-12-01 0:00:00,1992-01-01 0:00:00,StdTime
61,1,-169.999999999999972,55.000000000000057,3.586774111000000,1992-01-01 0:00:00,1992-02-01 0:00:00,StdTime
62,1,-169.999999999999972,55.000000000000057,2.651379347000000,1992-02-01 0:00:00,1992-03-01 0:00:00,StdTime
63,1,-169.999999999999972,55.000000000000057,2.623870850000000,1992-03-01 0:00:00,1992-04-01 0:00:00,StdTime
64,1,-169.999999999999972,55.000000000000057,3.413666487000000,1992-04-01 0:00:00,1992-05-01 0:00:00,StdTime
65,1,-169.999999999999972,55.000000000000057,5.192903042000000,1992-05-01 0:00:00,1992-06-01 0:00:00,StdTime
66,1,-169.999999999999972,55.000000000000057,6.857666492000000,1992-06-01 0:00:00,1992-07-01 0:00:00,StdTime
67,1,-169.999999999999972,55.000000000000057,7.184515953000000,1992-07-01 0:00:00,1992-08-01 0:00:00,StdTime
68,1,-169.999999999999972,55.000000000000057,8.539031981999999,1992-08-01 0:00:00,1992-09-01 0:00:00,StdTime
69,1,-169.999999999999972,55.000000000000057,8.266333580000000,1992-09-01 0:00:00,1992-10-01 0:00:00,StdTime
70,1,-169.999999999999972,55.000000000000057,6.759677410000000,1992-10-01 0:00:00,1992-11-01 0:00:00,StdTime
71,1,-169.999999999999972,55.000000000000057,5.392333031000000,1992-11-01 0:00:00,1992-12-01 0:00:00,StdTime
72,1,-169.999999999999972,55.000000000000057,3.800645113000000,1992-12-01 0:00:00,1993-01-01 0:00:00,StdTime
73,1,-169.999999999999972,55.000000000000057,3.345806360000000,1993-01-01 0:00:00,1993-02-01 0:00:00,StdTime
74,1,-169.999999999999972,55.000000000000057,3.171071291000000,1993-02-01 0:00:00,1993-03-01 0:00:00,StdTime
75,1,-169.999999999999972,55.000000000000057,3.138064384000000,1993-03-01 0:00:00,1993-04-01 0:00:00,StdTime
76,1,-169.999999999999972,55.000000000000057,3.822999954000000,1993-04-01 0:00:00,1993-05-01 0:00:00,StdTime
77,1,-169.999999999999972,55.000000000000057,4.470967770000000,1993-05-01 0:00:00,1993-06-01 0:00:00,StdTime
78,1,-169.999999999999972,55.000000000000057,6.974666595000000,1993-06-01 0:00:00,1993-07-01 0:00:00,StdTime
79,1,-169.999999999999972,55.000000000000057,7.332257748000000,1993-07-01 0:00:00,1993-08-01 0:00:00,StdTime
80,1,-169.999999999999972,55.000000000000057,10.086129188999999,1993-08-01 0:00:00,1993-09-01 0:00:00,StdTime
81,1,-169.999999999999972,55.000000000000057,9.076666832000001,1993-09-01 0:00:00,1993-10-01 0:00:00,StdTime
82,1,-169.999999999999972,55.000000000000057,7.240322590000000,1993-10-01 0:00:00,1993-11-01 0:00:00,StdTime
83,1,-169.999999999999972,55.000000000000057,5.860666752000000,1993-11-01 0:00:00,1993-12-01 0:00:00,StdTime
84,1,-169.999999999999972,55.000000000000057,4.412258148000000,1993-12-01 0:00:00,1994-01-01 0:00:00,StdTime
85,1,-169.999999999999972,55.000000000000057,3.866451502000000,1994-01-01 0:00:00,1994-02-01 0:00:00,StdTime
86,1,-169.999999999999972,55.000000000000057,3.697499990000000,1994-02-01 0:00:00,1994-03-01 0:00:00,StdTime
87,1,-169.999999999999972,55.000000000000057,3.190967798000000,1994-03-01 0:00:00,1994-04-01 0:00:00,StdTime
88,1,-169.999999999999972,55.000000000000057,2.864333153000000,1994-04-01 0:00:00,1994-05-01 0:00:00,StdTime
89,1,-169.999999999999972,55.000000000000057,4.255161285000000,1994-05-01 0:00:00,1994-06-01 0:00:00,StdTime
90,1,-169.999999999999972,55.000000000000057,5.269333363000000,1994-06-01 0:00:00,1994-07-01 0:00:00,StdTime
91,1,-169.999999999999972,55.000000000000057,7.477419376000000,1994-07-01 0:00:00,1994-08-01 0:00:00,StdTime
92,1,-169.999999999999972,55.000000000000057,8.367741584999999,1994-08-01 0:00:00,1994-09-01 0:00:00,StdTime
93,1,-169.999999999999972,55.000000000000057,8.666999817000001,1994-09-01 0:00:00,1994-10-01 0:00:00,StdTime
94,1,-169.999999999999972,55.000000000000057,6.619677067000000,1994-10-01 0:00:00,1994-11-01 0:00:00,StdTime
95,1,-169.999999999999972,55.000000000000057,5.225333214000000,1994-11-01 0:00:00,1994-12-01 0:00:00,StdTime
96,1,-169.999999999999972,55.000000000000057,4.444193363000000,1994-12-01 0:00:00,1995-01-01 0:00:00,StdTime
97,1,-169.999999999999972,55.000000000000057,3.689354658000000,1995-01-01 0:00:00,1995-02-01 0:00:00,StdTime
98,1,-169.999999999999972,55.000000000000057,3.277857065000000,1995-02-01 0:00:00,1995-03-01 0:00:00,StdTime
99,1,-169.999999999999972,55.000000000000057,2.022903204000000,1995-03-01 0:00:00,1995-04-01 0:00:00,StdTime
100,1,-169.999999999999972,55.000000000000057,3.096333265000000,1995-04-01 0:00:00,1995-05-01 0:00:00,StdTime
101,1,-169.999999999999972,55.000000000000057,4.371935368000000,1995-05-01 0:00:00,1995-06-01 0:00:00,StdTime
102,1,-169.999999999999972,55.000000000000057,6.263333321000000,1995-06-01 0:00:00,1995-07-01 0:00:00,StdTime
103,1,-169.999999999999972,55.000000000000057,8.185483932000000,1995-07-01 0:00:00,1995-08-01 0:00:00,StdTime
104,1,-169.999999999999972,55.000000000000057,9.507741928000000,1995-08-01 0:00:00,1995-09-01 0:00:00,StdTime
105,1,-169.999999999999972,55.000000000000057,9.410333633000000,1995-09-01 0:00:00,1995-10-01 0:00:00,StdTime
106,1,-169.999999999999972,55.000000000000057,7.302580357000000,1995-10-01 0:00:00,1995-11-01 0:00:00,StdTime
107,1,-169.999999999999972,55.000000000000057,5.469999790000000,1995-11-01 0:00:00,1995-12-01 0:00:00,StdTime
108,1,-169.999999999999972,55.000000000000057,4.805160999000000,1995-12-01 0:00:00,1996-01-01 0:00:00,StdTime
109,1,-169.999999999999972,55.000000000000057,4.323225498000000,1996-01-01 0:00:00,1996-02-01 0:00:00,StdTime
110,1,-169.999999999999972,55.000000000000057,3.668620586000000,1996-02-01 0:00:00,1996-03-01 0:00:00,StdTime
111,1,-169.999999999999972,55.000000000000057,3.536774158000000,1996-03-01 0:00:00,1996-04-01 0:00:00,StdTime
112,1,-169.999999999999972,55.000000000000057,3.829333305000000,1996-04-01 0:00:00,1996-05-01 0:00:00,StdTime
113,1,-169.999999999999972,55.000000000000057,4.966451645000000,1996-05-01 0:00:00,1996-06-01 0:00:00,StdTime
114,1,-169.999999999999972,55.000000000000057,6.815999985000000,1996-06-01 0:00:00,1996-07-01 0:00:00,StdTime
115,1,-169.999999999999972,55.000000000000057,8.587096214000001,1996-07-01 0:00:00,1996-08-01 0:00:00,StdTime
116,1,-169.999999999999972,55.000000000000057,9.101935386999999,1996-08-01 0:00:00,1996-09-01 0:00:00,StdTime
117,1,-169.999999999999972,55.000000000000057,9.270666122000000,1996-09-01 0:00:00,1996-10-01 0:00:00,StdTime
118,1,-169.999999999999972,55.000000000000057,7.036774158000000,1996-10-01 0:00:00,1996-11-01 0:00:00,StdTime
119,1,-169.999999999999972,55.000000000000057,5.999333382000000,1996-11-01 0:00:00,1996-12-01 0:00:00,StdTime
120,1,-169.999999999999972,55.000000000000057,5.088387012000000,1996-12-01 0:00:00,1997-01-01 0:00:00,StdTime
121,1,-169.999999999999972,55.000000000000057,3.904193401000000,1997-01-01 0:00:00,1997-02-01 0:00:00,StdTime
122,1,-169.999999999999972,55.000000000000057,3.444999933000000,1997-02-01 0:00:00,1997-03-01 0:00:00,StdTime
123,1,-169.999999999999972,55.000000000000057,3.171935320000000,1997-03-01 0:00:00,1997-04-01 0:00:00,StdTime
124,1,-169.999999999999972,55.000000000000057,3.455666542000000,1997-04-01 0:00:00,1997-05-01 0:00:00,StdTime
125,1,-169.999999999999972,55.000000000000057,4.937741756000000,1997-05-01 0:00:00,1997-06-01 0:00:00,StdTime
126,1,-169.999999999999972,55.000000000000057,7.312333107000000,1997-06-01 0:00:00,1997-07-01 0:00:00,StdTime
127,1,-169.999999999999972,55.000000000000057,8.380000114000000,1997-07-01 0:00:00,1997-08-01 0:00:00,StdTime
128,1,-169.999999999999972,55.000000000000057,9.720967292999999,1997-08-01 0:00:00,1997-09-01 0:00:00,StdTime
129,1,-169.999999999999972,55.000000000000057,9.364665985000000,1997-09-01 0:00:00,1997-10-01 0:00:00,StdTime
130,1,-169.999999999999972,55.000000000000057,7.910967350000000,1997-10-01 0:00:00,1997-11-01 0:00:00,StdTime
131,1,-169.999999999999972,55.000000000000057,5.773333073000000,1997-11-01 0:00:00,1997-12-01 0:00:00,StdTime
132,1,-169.999999999999972,55.000000000000057,4.289999962000000,1997-12-01 0:00:00,1998-01-01 0:00:00,StdTime
133,1,-169.999999999999972,55.000000000000057,3.514516115000000,1998-01-01 0:00:00,1998-02-01 0:00:00,StdTime
134,1,-169.999999999999972,55.000000000000057,3.123214245000000,1998-02-01 0:00:00,1998-03-01 0:00:00,StdTime
135,1,-169.999999999999972,55.000000000000057,4.040322304000000,1998-03-01 0:00:00,1998-04-01 0:00:00,StdTime
136,1,-169.999999999999972,55.000000000000057,3.473333359000000,1998-04-01 0:00:00,1998-05-01 0:00:00,StdTime
137,1,-169.999999999999972,55.000000000000057,3.996451616000000,1998-05-01 0:00:00,1998-06-01 0:00:00,StdTime
138,1,-169.999999999999972,55.000000000000057,5.332999706000000,1998-06-01 0:00:00,1998-07-01 0:00:00,StdTime
139,1,-169.999999999999972,55.000000000000057,8.820967674000000,1998-07-01 0:00:00,1998-08-01 0:00:00,StdTime
140,1,-169.999999999999972,55.000000000000057,10.236774445000000,1998-08-01 0:00:00,1998-09-01 0:00:00,StdTime
141,1,-169.999999999999972,55.000000000000057,8.315333366000001,1998-09-01 0:00:00,1998-10-01 0:00:00,StdTime
142,1,-169.999999999999972,55.000000000000057,6.940322399000000,1998-10-01 0:00:00,1998-11-01 0:00:00,StdTime
143,1,-169.999999999999972,55.000000000000057,5.496999741000000,1998-11-01 0:00:00,1998-12-01 0:00:00,StdTime
144,1,-169.999999999999972,55.000000000000057,4.229032040000000,1998-12-01 0:00:00,1999-01-01 0:00:00,StdTime
145,1,-169.999999999999972,55.000000000000057,3.411612749000000,1999-01-01 0:00:00,1999-02-01 0:00:00,StdTime
146,1,-169.999999999999972,55.000000000000057,3.181785583000000,1999-02-01 0:00:00,1999-03-01 0:00:00,StdTime
147,1,-169.999999999999972,55.000000000000057,2.870645046000000,1999-03-01 0:00:00,1999-04-01 0:00:00,StdTime
148,1,-169.999999999999972,55.000000000000057,3.019666672000000,1999-04-01 0:00:00,1999-05-01 0:00:00,StdTime
149,1,-169.999999999999972,55.000000000000057,3.350322485000000,1999-05-01 0:00:00,1999-06-01 0:00:00,StdTime
150,1,-169.999999999999972,55.000000000000057,5.824333191000000,1999-06-01 0:00:00,1999-07-01 0:00:00,StdTime
151,1,-169.999999999999972,55.000000000000057,8.112580298999999,1999-07-01 0:00:00,1999-08-01 0:00:00,StdTime
152,1,-169.999999999999972,55.000000000000057,8.074516296000001,1999-08-01 0:00:00,1999-09-01 0:00:00,StdTime
153,1,-169.999999999999972,55.000000000000057,8.734666824000000,1999-09-01 0:00:00,1999-10-01 0:00:00,StdTime
154,1,-169.999999999999972,55.000000000000057,7.188386917000000,1999-10-01 0:00:00,1999-11-01 0:00:00,StdTime
155,1,-169.999999999999972,55.000000000000057,5.074999809000000,1999-11-01 0:00:00,1999-12-01 0:00:00,StdTime
156,1,-169.999999999999972,55.000000000000057,3.512258053000000,1999-12-01 0:00:00,2000-01-01 0:00:00,StdTime
157,1,-169.999999999999972,55.000000000000057,2.460645199000000,2000-01-01 0:00:00,2000-02-01 0:00:00,StdTime
158,1,-169.999999999999972,55.000000000000057,2.375172377000000,2000-02-01 0:00:00,2000-03-01 0:00:00,StdTime
159,1,-169.999999999999972,55.000000000000057,2.575806379000000,2000-03-01 0:00:00,2000-04-01 0:00:00,StdTime
160,1,-169.999999999999972,55.000000000000057,3.207666636000000,2000-04-01 0:00:00,2000-05-01 0:00:00,StdTime
161,1,-169.999999999999972,55.000000000000057,4.234516144000000,2000-05-01 0:00:00,2000-06-01 0:00:00,StdTime
162,1,-169.999999999999972,55.000000000000057,5.929333210000000,2000-06-01 0:00:00,2000-07-01 0:00:00,StdTime
163,1,-169.999999999999972,55.000000000000057,7.450322628000000,2000-07-01 0:00:00,2000-08-01 0:00:00,StdTime
164,1,-169.999999999999972,55.000000000000057,9.236128807000000,2000-08-01 0:00:00,2000-09-01 0:00:00,StdTime
165,1,-169.999999999999972,55.000000000000057,8.429999351999999,2000-09-01 0:00:00,2000-10-01 0:00:00,StdTime
166,1,-169.999999999999972,55.000000000000057,7.112903118000000,2000-10-01 0:00:00,2000-11-01 0:00:00,StdTime
167,1,-169.999999999999972,55.000000000000057,5.698666573000000,2000-11-01 0:00:00,2000-12-01 0:00:00,StdTime
168,1,-169.999999999999972,55.000000000000057,4.357741833000000,2000-12-01 0:00:00,2001-01-01 0:00:00,StdTime
169,1,-169.999999999999972,55.000000000000057,3.748386860000000,2001-01-01 0:00:00,2001-02-01 0:00:00,StdTime
170,1,-169.999999999999972,55.000000000000057,3.407142878000000,2001-02-01 0:00:00,2001-03-01 0:00:00,StdTime
171,1,-169.999999999999972,55.000000000000057,2.914515972000000,2001-03-01 0:00:00,2001-04-01 0:00:00,StdTime
172,1,-169.999999999999972,55.000000000000057,3.525666475000000,2001-04-01 0:00:00,2001-05-01 0:00:00,StdTime
173,1,-169.999999999999972,55.000000000000057,4.317096710000000,2001-05-01 0:00:00,2001-06-01 0:00:00,StdTime
174,1,-169.999999999999972,55.000000000000057,6.485333443000000,2001-06-01 0:00:00,2001-07-01 0:00:00,StdTime
175,1,-169.999999999999972,55.000000000000057,9.082580566000001,2001-07-01 0:00:00,2001-08-01 0:00:00,StdTime
176,1,-169.999999999999972,55.000000000000057,9.531290053999999,2001-08-01 0:00:00,2001-09-01 0:00:00,StdTime
177,1,-169.999999999999972,55.000000000000057,9.085000038000000,2001-09-01 0:00:00,2001-10-01 0:00:00,StdTime
178,1,-169.999999999999972,55.000000000000057,7.158709526000000,2001-10-01 0:00:00,2001-11-01 0:00:00,StdTime
179,1,-169.999999999999972,55.000000000000057,5.569999695000000,2001-11-01 0:00:00,2001-12-01 0:00:00,StdTime
180,1,-169.999999999999972,55.000000000000057,4.293870926000000,2001-12-01 0:00:00,2002-01-01 0:00:00,StdTime
181,1,-169.999999999999972,55.000000000000057,3.613870859000000,2002-01-01 0:00:00,2002-02-01 0:00:00,StdTime
182,1,-169.999999999999972,55.000000000000057,3.195714235000000,2002-02-01 0:00:00,2002-03-01 0:00:00,StdTime
183,1,-169.999999999999972,55.000000000000057,2.931290150000000,2002-03-01 0:00:00,2002-04-01 0:00:00,StdTime
184,1,-169.999999999999972,55.000000000000057,3.325999975000000,2002-04-01 0:00:00,2002-05-01 0:00:00,StdTime
185,1,-169.999999999999972,55.000000000000057,4.308064461000000,2002-05-01 0:00:00,2002-06-01 0:00:00,StdTime
186,1,-169.999999999999972,55.000000000000057,6.773999691000000,2002-06-01 0:00:00,2002-07-01 0:00:00,StdTime
187,1,-169.999999999999972,55.000000000000057,8.204193115000001,2002-07-01 0:00:00,2002-08-01 0:00:00,StdTime
188,1,-169.999999999999972,55.000000000000057,9.574193000999999,2002-08-01 0:00:00,2002-09-01 0:00:00,StdTime
189,1,-169.999999999999972,55.000000000000057,8.679666519000000,2002-09-01 0:00:00,2002-10-01 0:00:00,StdTime
190,1,-169.999999999999972,55.000000000000057,7.187741756000000,2002-10-01 0:00:00,2002-11-01 0:00:00,StdTime
191,1,-169.999999999999972,55.000000000000057,5.580666542000000,2002-11-01 0:00:00,2002-12-01 0:00:00,StdTime
192,1,-169.999999999999972,55.000000000000057,4.416451454000000,2002-12-01 0:00:00,2003-01-01 0:00:00,StdTime
193,1,-169.999999999999972,55.000000000000057,3.889677286000000,2003-01-01 0:00:00,2003-02-01 0:00:00,StdTime
194,1,-169.999999999999972,55.000000000000057,3.785356998000000,2003-02-01 0:00:00,2003-03-01 0:00:00,StdTime
195,1,-169.999999999999972,55.000000000000057,4.125483990000000,2003-03-01 0:00:00,2003-04-01 0:00:00,StdTime
196,1,-169.999999999999972,55.000000000000057,4.296666622000000,2003-04-01 0:00:00,2003-05-01 0:00:00,StdTime
197,1,-169.999999999999972,55.000000000000057,5.406774044000000,2003-05-01 0:00:00,2003-06-01 0:00:00,StdTime
198,1,-169.999999999999972,55.000000000000057,7.234999657000000,2003-06-01 0:00:00,2003-07-01 0:00:00,StdTime
199,1,-169.999999999999972,55.000000000000057,8.991612434000000,2003-07-01 0:00:00,2003-08-01 0:00:00,StdTime
200,1,-169.999999999999972,55.000000000000057,10.295161246999999,2003-08-01 0:00:00,2003-09-01 0:00:00,StdTime
201,1,-169.999999999999972,55.000000000000057,10.142333031000000,2003-09-01 0:00:00,2003-10-01 0:00:00,StdTime
202,1,-169.999999999999972,55.000000000000057,7.850322723000000,2003-10-01 0:00:00,2003-11-01 0:00:00,StdTime
203,1,-169.999999999999972,55.000000000000057,6.154999733000000,2003-11-01 0:00:00,2003-12-01 0:00:00,StdTime
204,1,-169.999999999999972,55.000000000000057,5.027096748000000,2003-12-01 0:00:00,2004-01-01 0:00:00,StdTime
205,1,-169.999999999999972,55.000000000000057,3.942903042000000,2004-01-01 0:00:00,2004-02-01 0:00:00,StdTime
206,1,-169.999999999999972,55.000000000000057,3.438965321000000,2004-02-01 0:00:00,2004-03-01 0:00:00,StdTime
207,1,-169.999999999999972,55.000000000000057,3.091290236000000,2004-03-01 0:00:00,2004-04-01 0:00:00,StdTime
208,1,-169.999999999999972,55.000000000000057,3.195999861000000,2004-04-01 0:00:00,2004-05-01 0:00:00,StdTime
209,1,-169.999999999999972,55.000000000000057,4.725483894000000,2004-05-01 0:00:00,2004-06-01 0:00:00,StdTime
210,1,-169.999999999999972,55.000000000000057,6.892666340000000,2004-06-01 0:00:00,2004-07-01 0:00:00,StdTime
211,1,-169.999999999999972,55.000000000000057,9.194516181999999,2004-07-01 0:00:00,2004-08-01 0:00:00,StdTime
212,1,-169.999999999999972,55.000000000000057,9.781290053999999,2004-08-01 0:00:00,2004-09-01 0:00:00,StdTime
213,1,-169.999999999999972,55.000000000000057,9.161333084000001,2004-09-01 0:00:00,2004-10-01 0:00:00,StdTime
214,1,-169.999999999999972,55.000000000000057,7.111289978000000,2004-10-01 0:00:00,2004-11-01 0:00:00,StdTime
215,1,-169.999999999999972,55.000000000000057,5.207666397000000,2004-11-01 0:00:00,2004-12-01 0:00:00,StdTime
216,1,-169.999999999999972,55.000000000000057,4.005806446000000,2004-12-01 0:00:00,2005-01-01 0:00:00,StdTime
217,1,-169.999999999999972,55.000000000000057,3.487419367000000,2005-01-01 0:00:00,2005-02-01 0:00:00,StdTime
218,1,-169.999999999999972,55.000000000000057,3.427142859000000,2005-02-01 0:00:00,2005-03-01 0:00:00,StdTime
219,1,-169.999999999999972,55.000000000000057,3.614838600000000,2005-03-01 0:00:00,2005-04-01 0:00:00,StdTime
220,1,-169.999999999999972,55.000000000000057,3.912666559000000,2005-04-01 0:00:00,2005-05-01 0:00:00,StdTime
221,1,-169.999999999999972,55.000000000000057,4.908709526000000,2005-05-01 0:00:00,2005-06-01 0:00:00,StdTime
222,1,-169.999999999999972,55.000000000000057,6.632999897000000,2005-06-01 0:00:00,2005-07-01 0:00:00,StdTime
223,1,-169.999999999999972,55.000000000000057,9.562903404000000,2005-07-01 0:00:00,2005-08-01 0:00:00,StdTime
224,1,-169.999999999999972,55.000000000000057,9.819355011000001,2005-08-01 0:00:00,2005-09-01 0:00:00,StdTime
225,1,-169.999999999999972,55.000000000000057,9.350666046000001,2005-09-01 0:00:00,2005-10-01 0:00:00,StdTime
226,1,-169.999999999999972,55.000000000000057,7.682580471000000,2005-10-01 0:00:00,2005-11-01 0:00:00,StdTime
227,1,-169.999999999999972,55.000000000000057,5.686666489000000,2005-11-01 0:00:00,2005-12-01 0:00:00,StdTime
228,1,-169.999999999999972,55.000000000000057,4.281290054000000,2005-12-01 0:00:00,2006-01-01 0:00:00,StdTime
229,1,-169.999999999999972,55.000000000000057,3.692903042000000,2006-01-01 0:00:00,2006-02-01 0:00:00,StdTime
230,1,-169.999999999999972,55.000000000000057,3.259642839000000,2006-02-01 0:00:00,2006-03-01 0:00:00,StdTime
231,1,-169.999999999999972,55.000000000000057,3.321290255000000,2006-03-01 0:00:00,2006-04-01 0:00:00,StdTime
232,1,-169.999999999999972,55.000000000000057,3.417333364000000,2006-04-01 0:00:00,2006-05-01 0:00:00,StdTime
233,1,-169.999999999999972,55.000000000000057,4.078386784000000,2006-05-01 0:00:00,2006-06-01 0:00:00,StdTime
234,1,-169.999999999999972,55.000000000000057,7.454333305000000,2006-06-01 0:00:00,2006-07-01 0:00:00,StdTime
235,1,-169.999999999999972,55.000000000000057,8.654838562000000,2006-07-01 0:00:00,2006-08-01 0:00:00,StdTime
236,1,-169.999999999999972,55.000000000000057,8.504838942999999,2006-08-01 0:00:00,2006-09-01 0:00:00,StdTime
237,1,-169.999999999999972,55.000000000000057,8.625999451000000,2006-09-01 0:00:00,2006-10-01 0:00:00,StdTime
238,1,-169.999999999999972,55.000000000000057,7.213548183000000,2006-10-01 0:00:00,2006-11-01 0:00:00,StdTime
239,1,-169.999999999999972,55.000000000000057,5.643333435000000,2006-11-01 0:00:00,2006-12-01 0:00:00,StdTime
240,1,-169.999999999999972,55.000000000000057,4.490322590000000,2006-12-01 0:00:00,2007-01-01 0:00:00,StdTime
241,1,-169.999999999999972,55.000000000000057,3.379677296000000,2007-01-01 0:00:00,2007-02-01 0:00:00,StdTime
242,1,-169.999999999999972,55.000000000000057,3.347499847000000,2007-02-01 0:00:00,2007-03-01 0:00:00,StdTime
243,1,-169.999999999999972,55.000000000000057,2.841290236000000,2007-03-01 0:00:00,2007-04-01 0:00:00,StdTime
244,1,-169.999999999999972,55.000000000000057,2.877333164000000,2007-04-01 0:00:00,2007-05-01 0:00:00,StdTime
245,1,-169.999999999999972,55.000000000000057,3.256451607000000,2007-05-01 0:00:00,2007-06-01 0:00:00,StdTime
246,1,-169.999999999999972,55.000000000000057,5.283333302000000,2007-06-01 0:00:00,2007-07-01 0:00:00,StdTime
247,1,-169.999999999999972,55.000000000000057,8.452258110000001,2007-07-01 0:00:00,2007-08-01 0:00:00,StdTime
248,1,-169.999999999999972,55.000000000000057,9.767742157000001,2007-08-01 0:00:00,2007-09-01 0:00:00,StdTime
249,1,-169.999999999999972,55.000000000000057,8.600999831999999,2007-09-01 0:00:00,2007-10-01 0:00:00,StdTime
250,1,-169.999999999999972,55.000000000000057,6.690322399000000,2007-10-01 0:00:00,2007-11-01 0:00:00,StdTime
251,1,-169.999999999999972,55.000000000000057,5.311333179000000,2007-11-01 0:00:00,2007-12-01 0:00:00,StdTime
252,1,-169.999999999999972,55.000000000000057,3.820967674000000,2007-12-01 0:00:00,2008-01-01 0:00:00,StdTime
253,1,-169.999999999999972,55.000000000000057,3.167419195000000,2008-01-01 0:00:00,2008-02-01 0:00:00,StdTime
254,1,-169.999999999999972,55.000000000000057,2.447241306000000,2008-02-01 0:00:00,2008-03-01 0:00:00,StdTime
255,1,-169.999999999999972,55.000000000000057,2.229354858000000,2008-03-01 0:00:00,2008-04-01 0:00:00,StdTime
256,1,-169.999999999999972,55.000000000000057,2.476999998000000,2008-04-01 0:00:00,2008-05-01 0:00:00,StdTime
257,1,-169.999999999999972,55.000000000000057,3.723548412000000,2008-05-01 0:00:00,2008-06-01 0:00:00,StdTime
258,1,-169.999999999999972,55.000000000000057,5.086333275000000,2008-06-01 0:00:00,2008-07-01 0:00:00,StdTime
259,1,-169.999999999999972,55.000000000000057,7.664193153000000,2008-07-01 0:00:00,2008-08-01 0:00:00,StdTime
260,1,-169.999999999999972,55.000000000000057,9.001612663000000,2008-08-01 0:00:00,2008-09-01 0:00:00,StdTime
261,1,-169.999999999999972,55.000000000000057,8.641333580000000,2008-09-01 0:00:00,2008-10-01 0:00:00,StdTime
262,1,-169.999999999999972,55.000000000000057,7.056774139000000,2008-10-01 0:00:00,2008-11-01 0:00:00,StdTime
263,1,-169.999999999999972,55.000000000000057,5.132333279000000,2008-11-01 0:00:00,2008-12-01 0:00:00,StdTime
264,1,-169.999999999999972,55.000000000000057,3.615806341000000,2008-12-01 0:00:00,2009-01-01 0:00:00,StdTime
265,1,-169.999999999999972,55.000000000000057,3.012903214000000,2009-01-01 0:00:00,2009-02-01 0:00:00,StdTime
266,1,-169.999999999999972,55.000000000000057,2.677857161000000,2009-02-01 0:00:00,2009-03-01 0:00:00,StdTime
267,1,-169.999999999999972,55.000000000000057,2.897096634000000,2009-03-01 0:00:00,2009-04-01 0:00:00,StdTime
268,1,-169.999999999999972,55.000000000000057,2.316666603000000,2009-04-01 0:00:00,2009-05-01 0:00:00,StdTime
269,1,-169.999999999999972,55.000000000000057,3.973225832000000,2009-05-01 0:00:00,2009-06-01 0:00:00,StdTime
270,1,-169.999999999999972,55.000000000000057,6.001666546000000,2009-06-01 0:00:00,2009-07-01 0:00:00,StdTime
271,1,-169.999999999999972,55.000000000000057,7.473225594000000,2009-07-01 0:00:00,2009-08-01 0:00:00,StdTime
272,1,-169.999999999999972,55.000000000000057,8.543225288000000,2009-08-01 0:00:00,2009-09-01 0:00:00,StdTime
273,1,-169.999999999999972,55.000000000000057,7.746333122000000,2009-09-01 0:00:00,2009-10-01 0:00:00,StdTime
274,1,-169.999999999999972,55.000000000000057,6.872580528000000,2009-10-01 0:00:00,2009-11-01 0:00:00,StdTime
275,1,-169.999999999999972,55.000000000000057,4.904333115000000,2009-11-01 0:00:00,2009-12-01 0:00:00,StdTime
276,1,-169.999999999999972,55.000000000000057,3.818387032000000,2009-12-01 0:00:00,2010-01-01 0:00:00,StdTime
277,1,-169.999999999999972,55.000000000000057,3.653870821000000,2010-01-01 0:00:00,2010-02-01 0:00:00,StdTime
278,1,-169.999999999999972,55.000000000000057,3.250357151000000,2010-02-01 0:00:00,2010-03-01 0:00:00,StdTime
279,1,-169.999999999999972,55.000000000000057,2.981935501000000,2010-03-01 0:00:00,2010-04-01 0:00:00,StdTime
280,1,-169.999999999999972,55.000000000000057,2.970999956000000,2010-04-01 0:00:00,2010-05-01 0:00:00,StdTime
281,1,-169.999999999999972,55.000000000000057,3.918386936000000,2010-05-01 0:00:00,2010-06-01 0:00:00,StdTime
282,1,-169.999999999999972,55.000000000000057,5.348000050000000,2010-06-01 0:00:00,2010-07-01 0:00:00,StdTime
283,1,-169.999999999999972,55.000000000000057,7.387419224000000,2010-07-01 0:00:00,2010-08-01 0:00:00,StdTime
284,1,-169.999999999999972,55.000000000000057,9.054515839000000,2010-08-01 0:00:00,2010-09-01 0:00:00,StdTime
285,1,-169.999999999999972,55.000000000000057,9.269666672000000,2010-09-01 0:00:00,2010-10-01 0:00:00,StdTime
286,1,-169.999999999999972,55.000000000000057,6.989677429000000,2010-10-01 0:00:00,2010-11-01 0:00:00,StdTime
287,1,-169.999999999999972,55.000000000000057,5.499000072000000,2010-11-01 0:00:00,2010-12-01 0:00:00,StdTime
288,1,-169.999999999999972,55.000000000000057,4.234193325000000,2010-12-01 0:00:00,2011-01-01 0:00:00,StdTime
289,1,-169.999999999999972,55.000000000000057,3.462258101000000,2011-01-01 0:00:00,2011-02-01 0:00:00,StdTime
290,1,-169.999999999999972,55.000000000000057,3.384285688000000,2011-02-01 0:00:00,2011-03-01 0:00:00,StdTime
291,1,-169.999999999999972,55.000000000000057,3.373225689000000,2011-03-01 0:00:00,2011-04-01 0:00:00,StdTime
292,1,-169.999999999999972,55.000000000000057,3.261333227000000,2011-04-01 0:00:00,2011-05-01 0:00:00,StdTime
293,1,-169.999999999999972,55.000000000000057,4.029032230000000,2011-05-01 0:00:00,2011-06-01 0:00:00,StdTime
294,1,-169.999999999999972,55.000000000000057,5.563666344000000,2011-06-01 0:00:00,2011-07-01 0:00:00,StdTime
295,1,-169.999999999999972,55.000000000000057,7.272257805000000,2011-07-01 0:00:00,2011-08-01 0:00:00,StdTime
296,1,-169.999999999999972,55.000000000000057,9.835161209000001,2011-08-01 0:00:00,2011-09-01 0:00:00,StdTime
297,1,-169.999999999999972,55.000000000000057,8.372333527000000,2011-09-01 0:00:00,2011-10-01 0:00:00,StdTime
298,1,-169.999999999999972,55.000000000000057,7.227419376000000,2011-10-01 0:00:00,2011-11-01 0:00:00,StdTime
299,1,-169.999999999999972,55.000000000000057,5.144666672000000,2011-11-01 0:00:00,2011-12-01 0:00:00,StdTime
300,1,-169.999999999999972,55.000000000000057,4.134193420000000,2011-12-01 0:00:00,2012-01-01 0:00:00,StdTime
301,1,-169.999999999999972,55.000000000000057,3.064193487000000,2012-01-01 0:00:00,2012-02-01 0:00:00,StdTime
302,1,-169.999999999999972,55.000000000000057,2.444482803000000,2012-02-01 0:00:00,2012-03-01 0:00:00,StdTime
303,1,-169.999999999999972,55.000000000000057,1.878709674000000,2012-03-01 0:00:00,2012-04-01 0:00:00,StdTime
304,1,-169.999999999999972,55.000000000000057,2.260999918000000,2012-04-01 0:00:00,2012-05-01 0:00:00,StdTime
305,1,-169.999999999999972,55.000000000000057,2.847096682000000,2012-05-01 0:00:00,2012-06-01 0:00:00,StdTime
306,1,-169.999999999999972,55.000000000000057,5.173999786000000,2012-06-01 0:00:00,2012-07-01 0:00:00,StdTime
307,1,-169.999999999999972,55.000000000000057,7.367096424000000,2012-07-01 0:00:00,2012-08-01 0:00:00,StdTime
308,1,-169.999999999999972,55.000000000000057,8.516774178000000,2012-08-01 0:00:00,2012-09-01 0:00:00,StdTime
309,1,-169.999999999999972,55.000000000000057,7.855666637000000,2012-09-01 0:00:00,2012-10-01 0:00:00,StdTime
310,1,-169.999999999999972,55.000000000000057,6.336128712000000,2012-10-01 0:00:00,2012-11-01 0:00:00,StdTime
311,1,-169.999999999999972,55.000000000000057,4.792999744000000,2012-11-01 0:00:00,2012-12-01 0:00:00,StdTime
312,1,-169.999999999999972,55.000000000000057,4.057419300000000,2012-12-01 0:00:00,2013-01-01 0:00:00,StdTime
313,1,-169.999999999999972,55.000000000000057,3.454516172000000,2013-01-01 0:00:00,2013-02-01 0:00:00,StdTime
314,1,-169.999999999999972,55.000000000000057,3.161785603000000,2013-02-01 0:00:00,2013-03-01 0:00:00,StdTime
315,1,-169.999999999999972,55.000000000000057,2.623548269000000,2013-03-01 0:00:00,2013-04-01 0:00:00,StdTime
316,1,-169.999999999999972,55.000000000000057,3.196333170000000,2013-04-01 0:00:00,2013-05-01 0:00:00,StdTime
317,1,-169.999999999999972,55.000000000000057,4.062580585000000,2013-05-01 0:00:00,2013-06-01 0:00:00,StdTime
318,1,-169.999999999999972,55.000000000000057,5.948333263000000,2013-06-01 0:00:00,2013-07-01 0:00:00,StdTime
319,1,-169.999999999999972,55.000000000000057,8.690321922000001,2013-07-01 0:00:00,2013-08-01 0:00:00,StdTime
320,1,-169.999999999999972,55.000000000000057,10.034193039000000,2013-08-01 0:00:00,2013-09-01 0:00:00,StdTime
321,1,-169.999999999999972,55.000000000000057,9.167332649000000,2013-09-01 0:00:00,2013-10-01 0:00:00,StdTime
322,1,-169.999999999999972,55.000000000000057,7.465483665000000,2013-10-01 0:00:00,2013-11-01 0:00:00,StdTime
323,1,-169.999999999999972,55.000000000000057,5.704999924000000,2013-11-01 0:00:00,2013-12-01 0:00:00,StdTime
324,1,-169.999999999999972,55.000000000000057,4.433548450000000,2013-12-01 0:00:00,2014-01-01 0:00:00,StdTime
325,1,-169.999999999999972,55.000000000000057,3.930322409000000,2014-01-01 0:00:00,2014-02-01 0:00:00,StdTime
326,1,-169.999999999999972,55.000000000000057,3.139642715000000,2014-02-01 0:00:00,2014-03-01 0:00:00,StdTime
327,1,-169.999999999999972,55.000000000000057,3.007741928000000,2014-03-01 0:00:00,2014-04-01 0:00:00,StdTime
328,1,-169.999999999999972,55.000000000000057,3.129666567000000,2014-04-01 0:00:00,2014-05-01 0:00:00,StdTime
329,1,-169.999999999999972,55.000000000000057,4.663225651000000,2014-05-01 0:00:00,2014-06-01 0:00:00,StdTime
330,1,-169.999999999999972,55.000000000000057,6.760999680000000,2014-06-01 0:00:00,2014-07-01 0:00:00,StdTime
331,1,-169.999999999999972,55.000000000000057,9.155483245999999,2014-07-01 0:00:00,2014-08-01 0:00:00,StdTime
332,1,-169.999999999999972,55.000000000000057,10.969999313000001,2014-08-01 0:00:00,2014-09-01 0:00:00,StdTime
333,1,-169.999999999999972,55.000000000000057,10.736332893000000,2014-09-01 0:00:00,2014-10-01 0:00:00,StdTime
334,1,-169.999999999999972,55.000000000000057,7.854193211000000,2014-10-01 0:00:00,2014-11-01 0:00:00,StdTime
335,1,-169.999999999999972,55.000000000000057,5.994999886000000,2014-11-01 0:00:00,2014-12-01 0:00:00,StdTime
336,1,-169.999999999999972,55.000000000000057,5.271290302000000,2014-12-01 0:00:00,2015-01-01 0:00:00,StdTime
337,1,-169.999999999999972,55.000000000000057,4.511935234000000,2015-01-01 0:00:00,2015-02-01 0:00:00,StdTime
338,1,-169.999999999999972,55.000000000000057,4.311785698000000,2015-02-01 0:00:00,2015-03-01 0:00:00,StdTime
339,1,-169.999999999999972,55.000000000000057,4.413225651000000,2015-03-01 0:00:00,2015-04-01 0:00:00,StdTime
340,1,-169.999999999999972,55.000000000000057,4.338999748000000,2015-04-01 0:00:00,2015-05-01 0:00:00,StdTime
341,1,-169.999999999999972,55.000000000000057,5.535806179000000,2015-05-01 0:00:00,2015-06-01 0:00:00,StdTime
342,1,-169.999999999999972,55.000000000000057,7.413332939000000,2015-06-01 0:00:00,2015-07-01 0:00:00,StdTime
343,1,-169.999999999999972,55.000000000000057,9.170644760000000,2015-07-01 0:00:00,2015-08-01 0:00:00,StdTime
344,1,-169.999999999999972,55.000000000000057,10.592580795000000,2015-08-01 0:00:00,2015-09-01 0:00:00,StdTime
345,1,-169.999999999999972,55.000000000000057,10.576999664000001,2015-09-01 0:00:00,2015-10-01 0:00:00,StdTime
346,1,-169.999999999999972,55.000000000000057,8.631290436000000,2015-10-01 0:00:00,2015-11-01 0:00:00,StdTime
347,1,-169.999999999999972,55.000000000000057,6.486999989000000,2015-11-01 0:00:00,2015-12-01 0:00:00,StdTime
348,1,-169.999999999999972,55.000000000000057,4.806451321000000,2015-12-01 0:00:00,2016-01-01 0:00:00,StdTime
349,1,-169.999999999999972,55.000000000000057,3.657096624000000,2016-01-01 0:00:00,2016-02-01 0:00:00,StdTime
350,1,-169.999999999999972,55.000000000000057,3.462413788000000,2016-02-01 0:00:00,2016-03-01 0:00:00,StdTime
351,1,-169.999999999999972,55.000000000000057,3.415806293000000,2016-03-01 0:00:00,2016-04-01 0:00:00,StdTime
352,1,-169.999999999999972,55.000000000000057,4.138999939000000,2016-04-01 0:00:00,2016-05-01 0:00:00,StdTime
353,1,-169.999999999999972,55.000000000000057,6.123548508000000,2016-05-01 0:00:00,2016-06-01 0:00:00,StdTime
354,1,-169.999999999999972,55.000000000000057,7.934666634000000,2016-06-01 0:00:00,2016-07-01 0:00:00,StdTime
355,1,-169.999999999999972,55.000000000000057,10.115160941999999,2016-07-01 0:00:00,2016-08-01 0:00:00,StdTime
356,1,-169.999999999999972,55.000000000000057,11.413870811000001,2016-08-01 0:00:00,2016-09-01 0:00:00,StdTime
357,1,-169.999999999999972,55.000000000000057,10.725666046000001,2016-09-01 0:00:00,2016-10-01 0:00:00,StdTime
358,1,-169.999999999999972,55.000000000000057,8.699031829999999,2016-10-01 0:00:00,2016-11-01 0:00:00,StdTime
359,1,-169.999999999999972,55.000000000000057,6.492333412000000,2016-11-01 0:00:00,2016-12-01 0:00:00,StdTime
360,1,-169.999999999999972,55.000000000000057,5.215483665000000,2016-12-01 0:00:00,2017-01-01 0:00:00,StdTime
361,1,-169.999999999999972,55.000000000000057,4.210645199000000,2017-01-01 0:00:00,2017-02-01 0:00:00,StdTime
362,1,-169.999999999999972,55.000000000000057,3.712142706000000,2017-02-01 0:00:00,2017-03-01 0:00:00,StdTime
363,1,-169.999999999999972,55.000000000000057,3.595483780000000,2017-03-01 0:00:00,2017-04-01 0:00:00,StdTime
364,1,-169.999999999999972,55.000000000000057,3.780666590000000,2017-04-01 0:00:00,2017-05-01 0:00:00,StdTime
365,1,-169.999999999999972,55.000000000000057,5.016451359000000,2017-05-01 0:00:00,2017-06-01 0:00:00,StdTime
366,1,-169.999999999999972,55.000000000000057,7.721999645000000,2017-06-01 0:00:00,2017-07-01 0:00:00,StdTime
367,1,-169.999999999999972,55.000000000000057,8.316451073000000,2017-07-01 0:00:00,2017-08-01 0:00:00,StdTime
368,1,-169.999999999999972,55.000000000000057,10.605160713000000,2017-08-01 0:00:00,2017-09-01 0:00:00,StdTime
369,1,-169.999999999999972,55.000000000000057,9.156332969999999,2017-09-01 0:00:00,2017-10-01 0:00:00,StdTime
370,1,-169.999999999999972,55.000000000000057,7.606773853000000,2017-10-01 0:00:00,2017-11-01 0:00:00,StdTime
371,1,-169.999999999999972,55.000000000000057,6.573666573000000,2017-11-01 0:00:00,2017-12-01 0:00:00,StdTime
372,1,-169.999999999999972,55.000000000000057,5.119354725000000,2017-12-01 0:00:00,2018-01-01 0:00:00,StdTime
373,1,-169.999999999999972,55.000000000000057,4.291935444000000,2018-01-01 0:00:00,2018-02-01 0:00:00,StdTime
374,1,-169.999999999999972,55.000000000000057,4.227857113000000,2018-02-01 0:00:00,2018-03-01 0:00:00,StdTime
375,1,-169.999999999999972,55.000000000000057,3.928709507000000,2018-03-01 0:00:00,2018-04-01 0:00:00,StdTime
376,1,-169.999999999999972,55.000000000000057,4.002333164000000,2018-04-01 0:00:00,2018-05-01 0:00:00,StdTime
377,1,-169.999999999999972,55.000000000000057,5.084838390000000,2018-05-01 0:00:00,2018-06-01 0:00:00,StdTime
378,1,-169.999999999999972,55.000000000000057,6.934666634000000,2018-06-01 0:00:00,2018-07-01 0:00:00,StdTime
379,1,-169.999999999999972,55.000000000000057,8.614838600000001,2018-07-01 0:00:00,2018-08-01 0:00:00,StdTime
380,1,-169.999999999999972,55.000000000000057,9.403225899000001,2018-08-01 0:00:00,2018-09-01 0:00:00,StdTime
381,1,-169.999999999999972,55.000000000000057,10.083333014999999,2018-09-01 0:00:00,2018-10-01 0:00:00,StdTime
382,1,-169.999999999999972,55.000000000000057,8.801935196000001,2018-10-01 0:00:00,2018-11-01 0:00:00,StdTime
383,1,-169.999999999999972,55.000000000000057,6.581666470000000,2018-11-01 0:00:00,2018-12-01 0:00:00,StdTime
384,1,-169.999999999999972,55.000000000000057,4.807419300000000,2018-12-01 0:00:00,2018-12-31 0:00:00,StdTime
