OID_,OBJECTID_1,COUNT,AREA,Variable,Dimensions,StdTime,StdTime_Max,MEAN
1,1,552.000000000000000,34.500000000000000,sst,StdTime,1987-01-01 0:00:00,1987-02-01 0:00:00,-0.716702297346775
2,1,552.000000000000000,34.500000000000000,sst,StdTime,1987-02-01 0:00:00,1987-03-01 0:00:00,-0.985054972298119
3,1,552.000000000000000,34.500000000000000,sst,StdTime,1987-03-01 0:00:00,1987-04-01 0:00:00,-0.937580621723707
4,1,552.000000000000000,34.500000000000000,sst,StdTime,1987-04-01 0:00:00,1987-05-01 0:00:00,-0.749619547497866
5,1,552.000000000000000,34.500000000000000,sst,StdTime,1987-05-01 0:00:00,1987-06-01 0:00:00,0.194402753407949
6,1,552.000000000000000,34.500000000000000,sst,StdTime,1987-06-01 0:00:00,1987-07-01 0:00:00,2.887517444465470
7,1,552.000000000000000,34.500000000000000,sst,StdTime,1987-07-01 0:00:00,1987-08-01 0:00:00,6.704299745352375
8,1,552.000000000000000,34.500000000000000,sst,StdTime,1987-08-01 0:00:00,1987-09-01 0:00:00,9.270794558352321
9,1,552.000000000000000,34.500000000000000,sst,StdTime,1987-09-01 0:00:00,1987-10-01 0:00:00,7.249786056470172
10,1,552.000000000000000,34.500000000000000,sst,StdTime,1987-10-01 0:00:00,1987-11-01 0:00:00,3.977907225921531
11,1,552.000000000000000,34.500000000000000,sst,StdTime,1987-11-01 0:00:00,1987-12-01 0:00:00,1.416734267218947
12,1,552.000000000000000,34.500000000000000,sst,StdTime,1987-12-01 0:00:00,1988-01-01 0:00:00,-0.404136268359477
13,1,552.000000000000000,34.500000000000000,sst,StdTime,1988-01-01 0:00:00,1988-02-01 0:00:00,-0.552752441481141
14,1,552.000000000000000,34.500000000000000,sst,StdTime,1988-02-01 0:00:00,1988-03-01 0:00:00,-0.763636914431750
15,1,552.000000000000000,34.500000000000000,sst,StdTime,1988-03-01 0:00:00,1988-04-01 0:00:00,-0.996235952498323
16,1,552.000000000000000,34.500000000000000,sst,StdTime,1988-04-01 0:00:00,1988-05-01 0:00:00,-0.558314598822609
17,1,552.000000000000000,34.500000000000000,sst,StdTime,1988-05-01 0:00:00,1988-06-01 0:00:00,0.560336593469980
18,1,552.000000000000000,34.500000000000000,sst,StdTime,1988-06-01 0:00:00,1988-07-01 0:00:00,3.537316947959470
19,1,552.000000000000000,34.500000000000000,sst,StdTime,1988-07-01 0:00:00,1988-08-01 0:00:00,7.887633063654969
20,1,552.000000000000000,34.500000000000000,sst,StdTime,1988-08-01 0:00:00,1988-09-01 0:00:00,9.609370962865112
21,1,552.000000000000000,34.500000000000000,sst,StdTime,1988-09-01 0:00:00,1988-10-01 0:00:00,7.898648368707605
22,1,552.000000000000000,34.500000000000000,sst,StdTime,1988-10-01 0:00:00,1988-11-01 0:00:00,4.628063827753073
23,1,552.000000000000000,34.500000000000000,sst,StdTime,1988-11-01 0:00:00,1988-12-01 0:00:00,1.230161202308870
24,1,552.000000000000000,34.500000000000000,sst,StdTime,1988-12-01 0:00:00,1989-01-01 0:00:00,-0.791721579300297
25,1,552.000000000000000,34.500000000000000,sst,StdTime,1989-01-01 0:00:00,1989-02-01 0:00:00,-1.203353760197110
26,1,552.000000000000000,34.500000000000000,sst,StdTime,1989-02-01 0:00:00,1989-03-01 0:00:00,-0.372019918502622
27,1,552.000000000000000,34.500000000000000,sst,StdTime,1989-03-01 0:00:00,1989-04-01 0:00:00,-0.367695759913276
28,1,552.000000000000000,34.500000000000000,sst,StdTime,1989-04-01 0:00:00,1989-05-01 0:00:00,-0.325802527932008
29,1,552.000000000000000,34.500000000000000,sst,StdTime,1989-05-01 0:00:00,1989-06-01 0:00:00,0.404176591736191
30,1,552.000000000000000,34.500000000000000,sst,StdTime,1989-06-01 0:00:00,1989-07-01 0:00:00,3.762396049888240
31,1,552.000000000000000,34.500000000000000,sst,StdTime,1989-07-01 0:00:00,1989-08-01 0:00:00,7.489054869050565
32,1,552.000000000000000,34.500000000000000,sst,StdTime,1989-08-01 0:00:00,1989-09-01 0:00:00,8.816697435966423
33,1,552.000000000000000,34.500000000000000,sst,StdTime,1989-09-01 0:00:00,1989-10-01 0:00:00,8.266004043212833
34,1,552.000000000000000,34.500000000000000,sst,StdTime,1989-10-01 0:00:00,1989-11-01 0:00:00,5.395777692829350
35,1,552.000000000000000,34.500000000000000,sst,StdTime,1989-11-01 0:00:00,1989-12-01 0:00:00,1.375424484676762
36,1,552.000000000000000,34.500000000000000,sst,StdTime,1989-12-01 0:00:00,1990-01-01 0:00:00,-0.203191907241041
37,1,552.000000000000000,34.500000000000000,sst,StdTime,1990-01-01 0:00:00,1990-02-01 0:00:00,-1.078069750813470
38,1,552.000000000000000,34.500000000000000,sst,StdTime,1990-02-01 0:00:00,1990-03-01 0:00:00,-1.372901106658190
39,1,552.000000000000000,34.500000000000000,sst,StdTime,1990-03-01 0:00:00,1990-04-01 0:00:00,-1.121195624757936
40,1,552.000000000000000,34.500000000000000,sst,StdTime,1990-04-01 0:00:00,1990-05-01 0:00:00,-0.371311586295896
41,1,552.000000000000000,34.500000000000000,sst,StdTime,1990-05-01 0:00:00,1990-06-01 0:00:00,0.407291949537888
42,1,552.000000000000000,34.500000000000000,sst,StdTime,1990-06-01 0:00:00,1990-07-01 0:00:00,4.544912935383077
43,1,552.000000000000000,34.500000000000000,sst,StdTime,1990-07-01 0:00:00,1990-08-01 0:00:00,8.181104893269747
44,1,552.000000000000000,34.500000000000000,sst,StdTime,1990-08-01 0:00:00,1990-09-01 0:00:00,9.698942626731975
45,1,552.000000000000000,34.500000000000000,sst,StdTime,1990-09-01 0:00:00,1990-10-01 0:00:00,7.597492579100786
46,1,552.000000000000000,34.500000000000000,sst,StdTime,1990-10-01 0:00:00,1990-11-01 0:00:00,3.945216127063916
47,1,552.000000000000000,34.500000000000000,sst,StdTime,1990-11-01 0:00:00,1990-12-01 0:00:00,1.257136443215237
48,1,552.000000000000000,34.500000000000000,sst,StdTime,1990-12-01 0:00:00,1991-01-01 0:00:00,-0.293200086298200
49,1,552.000000000000000,34.500000000000000,sst,StdTime,1991-01-01 0:00:00,1991-02-01 0:00:00,-0.703631937638790
50,1,552.000000000000000,34.500000000000000,sst,StdTime,1991-02-01 0:00:00,1991-03-01 0:00:00,-0.957058076625285
51,1,552.000000000000000,34.500000000000000,sst,StdTime,1991-03-01 0:00:00,1991-04-01 0:00:00,-0.961985133696293
52,1,552.000000000000000,34.500000000000000,sst,StdTime,1991-04-01 0:00:00,1991-05-01 0:00:00,-0.733301312149759
53,1,552.000000000000000,34.500000000000000,sst,StdTime,1991-05-01 0:00:00,1991-06-01 0:00:00,0.366600038340645
54,1,552.000000000000000,34.500000000000000,sst,StdTime,1991-06-01 0:00:00,1991-07-01 0:00:00,4.387298826290211
55,1,552.000000000000000,34.500000000000000,sst,StdTime,1991-07-01 0:00:00,1991-08-01 0:00:00,9.594250012135163
56,1,552.000000000000000,34.500000000000000,sst,StdTime,1991-08-01 0:00:00,1991-09-01 0:00:00,11.002479897029165
57,1,552.000000000000000,34.500000000000000,sst,StdTime,1991-09-01 0:00:00,1991-10-01 0:00:00,9.342036610928133
58,1,552.000000000000000,34.500000000000000,sst,StdTime,1991-10-01 0:00:00,1991-11-01 0:00:00,5.392502219348708
59,1,552.000000000000000,34.500000000000000,sst,StdTime,1991-11-01 0:00:00,1991-12-01 0:00:00,2.789251142684235
60,1,552.000000000000000,34.500000000000000,sst,StdTime,1991-12-01 0:00:00,1992-01-01 0:00:00,-0.017431627004914
61,1,552.000000000000000,34.500000000000000,sst,StdTime,1992-01-01 0:00:00,1992-02-01 0:00:00,-0.895625854290657
62,1,552.000000000000000,34.500000000000000,sst,StdTime,1992-02-01 0:00:00,1992-03-01 0:00:00,-0.913320818538036
63,1,552.000000000000000,34.500000000000000,sst,StdTime,1992-03-01 0:00:00,1992-04-01 0:00:00,-1.307532111655219
64,1,552.000000000000000,34.500000000000000,sst,StdTime,1992-04-01 0:00:00,1992-05-01 0:00:00,-0.993564591551136
65,1,552.000000000000000,34.500000000000000,sst,StdTime,1992-05-01 0:00:00,1992-06-01 0:00:00,-0.293859272675547
66,1,552.000000000000000,34.500000000000000,sst,StdTime,1992-06-01 0:00:00,1992-07-01 0:00:00,3.405297023662624
67,1,552.000000000000000,34.500000000000000,sst,StdTime,1992-07-01 0:00:00,1992-08-01 0:00:00,6.088727066482316
68,1,552.000000000000000,34.500000000000000,sst,StdTime,1992-08-01 0:00:00,1992-09-01 0:00:00,7.874752621719796
69,1,552.000000000000000,34.500000000000000,sst,StdTime,1992-09-01 0:00:00,1992-10-01 0:00:00,6.329634508360994
70,1,552.000000000000000,34.500000000000000,sst,StdTime,1992-10-01 0:00:00,1992-11-01 0:00:00,3.273997698033202
71,1,552.000000000000000,34.500000000000000,sst,StdTime,1992-11-01 0:00:00,1992-12-01 0:00:00,0.885452274434720
72,1,552.000000000000000,34.500000000000000,sst,StdTime,1992-12-01 0:00:00,1993-01-01 0:00:00,-0.925427749779993
73,1,552.000000000000000,34.500000000000000,sst,StdTime,1993-01-01 0:00:00,1993-02-01 0:00:00,-0.817981514397273
74,1,552.000000000000000,34.500000000000000,sst,StdTime,1993-02-01 0:00:00,1993-03-01 0:00:00,-0.746550190247313
75,1,552.000000000000000,34.500000000000000,sst,StdTime,1993-03-01 0:00:00,1993-04-01 0:00:00,-0.710334252156537
76,1,552.000000000000000,34.500000000000000,sst,StdTime,1993-04-01 0:00:00,1993-05-01 0:00:00,-0.241166660871530
77,1,552.000000000000000,34.500000000000000,sst,StdTime,1993-05-01 0:00:00,1993-06-01 0:00:00,0.801074077546482
78,1,552.000000000000000,34.500000000000000,sst,StdTime,1993-06-01 0:00:00,1993-07-01 0:00:00,4.286339274351141
79,1,552.000000000000000,34.500000000000000,sst,StdTime,1993-07-01 0:00:00,1993-08-01 0:00:00,8.060834319695196
80,1,552.000000000000000,34.500000000000000,sst,StdTime,1993-08-01 0:00:00,1993-09-01 0:00:00,9.884257040162019
81,1,552.000000000000000,34.500000000000000,sst,StdTime,1993-09-01 0:00:00,1993-10-01 0:00:00,7.442265539929485
82,1,552.000000000000000,34.500000000000000,sst,StdTime,1993-10-01 0:00:00,1993-11-01 0:00:00,4.073663419787436
83,1,552.000000000000000,34.500000000000000,sst,StdTime,1993-11-01 0:00:00,1993-12-01 0:00:00,2.652859240125841
84,1,552.000000000000000,34.500000000000000,sst,StdTime,1993-12-01 0:00:00,1994-01-01 0:00:00,0.165231413822925
85,1,552.000000000000000,34.500000000000000,sst,StdTime,1994-01-01 0:00:00,1994-02-01 0:00:00,-0.834010614134519
86,1,552.000000000000000,34.500000000000000,sst,StdTime,1994-02-01 0:00:00,1994-03-01 0:00:00,-0.231710656916076
87,1,552.000000000000000,34.500000000000000,sst,StdTime,1994-03-01 0:00:00,1994-04-01 0:00:00,-0.993401680843555
88,1,552.000000000000000,34.500000000000000,sst,StdTime,1994-04-01 0:00:00,1994-05-01 0:00:00,-0.600709527870767
89,1,552.000000000000000,34.500000000000000,sst,StdTime,1994-05-01 0:00:00,1994-06-01 0:00:00,0.905760263606140
90,1,552.000000000000000,34.500000000000000,sst,StdTime,1994-06-01 0:00:00,1994-07-01 0:00:00,4.435791562432829
91,1,552.000000000000000,34.500000000000000,sst,StdTime,1994-07-01 0:00:00,1994-08-01 0:00:00,7.887833509756175
92,1,552.000000000000000,34.500000000000000,sst,StdTime,1994-08-01 0:00:00,1994-09-01 0:00:00,8.085892755052312
93,1,552.000000000000000,34.500000000000000,sst,StdTime,1994-09-01 0:00:00,1994-10-01 0:00:00,7.349923748900926
94,1,552.000000000000000,34.500000000000000,sst,StdTime,1994-10-01 0:00:00,1994-11-01 0:00:00,3.601321782322896
95,1,552.000000000000000,34.500000000000000,sst,StdTime,1994-11-01 0:00:00,1994-12-01 0:00:00,0.887320629799776
96,1,552.000000000000000,34.500000000000000,sst,StdTime,1994-12-01 0:00:00,1995-01-01 0:00:00,-0.773008980212540
97,1,552.000000000000000,34.500000000000000,sst,StdTime,1995-01-01 0:00:00,1995-02-01 0:00:00,-0.821637426233054
98,1,552.000000000000000,34.500000000000000,sst,StdTime,1995-02-01 0:00:00,1995-03-01 0:00:00,-0.825451586106572
99,1,552.000000000000000,34.500000000000000,sst,StdTime,1995-03-01 0:00:00,1995-04-01 0:00:00,-0.904995887679473
100,1,552.000000000000000,34.500000000000000,sst,StdTime,1995-04-01 0:00:00,1995-05-01 0:00:00,-0.525460736280260
101,1,552.000000000000000,34.500000000000000,sst,StdTime,1995-05-01 0:00:00,1995-06-01 0:00:00,1.172914884728042
102,1,552.000000000000000,34.500000000000000,sst,StdTime,1995-06-01 0:00:00,1995-07-01 0:00:00,4.205368259246799
103,1,552.000000000000000,34.500000000000000,sst,StdTime,1995-07-01 0:00:00,1995-08-01 0:00:00,7.366816694321840
104,1,552.000000000000000,34.500000000000000,sst,StdTime,1995-08-01 0:00:00,1995-09-01 0:00:00,10.198673803737192
105,1,552.000000000000000,34.500000000000000,sst,StdTime,1995-09-01 0:00:00,1995-10-01 0:00:00,9.294600644837251
106,1,552.000000000000000,34.500000000000000,sst,StdTime,1995-10-01 0:00:00,1995-11-01 0:00:00,5.214400301808902
107,1,552.000000000000000,34.500000000000000,sst,StdTime,1995-11-01 0:00:00,1995-12-01 0:00:00,1.853991502295316
108,1,552.000000000000000,34.500000000000000,sst,StdTime,1995-12-01 0:00:00,1996-01-01 0:00:00,0.049502686763851
109,1,552.000000000000000,34.500000000000000,sst,StdTime,1996-01-01 0:00:00,1996-02-01 0:00:00,-0.644769152545938
110,1,552.000000000000000,34.500000000000000,sst,StdTime,1996-02-01 0:00:00,1996-03-01 0:00:00,-0.899095430889207
111,1,552.000000000000000,34.500000000000000,sst,StdTime,1996-03-01 0:00:00,1996-04-01 0:00:00,-0.503965625672709
112,1,552.000000000000000,34.500000000000000,sst,StdTime,1996-04-01 0:00:00,1996-05-01 0:00:00,-0.177074271411360
113,1,552.000000000000000,34.500000000000000,sst,StdTime,1996-05-01 0:00:00,1996-06-01 0:00:00,0.677992036648810
114,1,552.000000000000000,34.500000000000000,sst,StdTime,1996-06-01 0:00:00,1996-07-01 0:00:00,4.270882146298020
115,1,552.000000000000000,34.500000000000000,sst,StdTime,1996-07-01 0:00:00,1996-08-01 0:00:00,8.350481922211859
116,1,552.000000000000000,34.500000000000000,sst,StdTime,1996-08-01 0:00:00,1996-09-01 0:00:00,9.249829148036850
117,1,552.000000000000000,34.500000000000000,sst,StdTime,1996-09-01 0:00:00,1996-10-01 0:00:00,7.671086801998857
118,1,552.000000000000000,34.500000000000000,sst,StdTime,1996-10-01 0:00:00,1996-11-01 0:00:00,3.777363745198735
119,1,552.000000000000000,34.500000000000000,sst,StdTime,1996-11-01 0:00:00,1996-12-01 0:00:00,1.882082687030323
120,1,552.000000000000000,34.500000000000000,sst,StdTime,1996-12-01 0:00:00,1997-01-01 0:00:00,-0.324842208380506
121,1,552.000000000000000,34.500000000000000,sst,StdTime,1997-01-01 0:00:00,1997-02-01 0:00:00,-0.678447271062845
122,1,552.000000000000000,34.500000000000000,sst,StdTime,1997-02-01 0:00:00,1997-03-01 0:00:00,-0.782661085277272
123,1,552.000000000000000,34.500000000000000,sst,StdTime,1997-03-01 0:00:00,1997-04-01 0:00:00,-0.687820812960179
124,1,552.000000000000000,34.500000000000000,sst,StdTime,1997-04-01 0:00:00,1997-05-01 0:00:00,-0.403402769713611
125,1,552.000000000000000,34.500000000000000,sst,StdTime,1997-05-01 0:00:00,1997-06-01 0:00:00,1.108840554227135
126,1,552.000000000000000,34.500000000000000,sst,StdTime,1997-06-01 0:00:00,1997-07-01 0:00:00,5.037561478822125
127,1,552.000000000000000,34.500000000000000,sst,StdTime,1997-07-01 0:00:00,1997-08-01 0:00:00,8.557167292505078
128,1,552.000000000000000,34.500000000000000,sst,StdTime,1997-08-01 0:00:00,1997-09-01 0:00:00,9.776686321997992
129,1,552.000000000000000,34.500000000000000,sst,StdTime,1997-09-01 0:00:00,1997-10-01 0:00:00,8.396141121352938
130,1,552.000000000000000,34.500000000000000,sst,StdTime,1997-10-01 0:00:00,1997-11-01 0:00:00,4.907245674427005
131,1,552.000000000000000,34.500000000000000,sst,StdTime,1997-11-01 0:00:00,1997-12-01 0:00:00,1.567726413718934
132,1,552.000000000000000,34.500000000000000,sst,StdTime,1997-12-01 0:00:00,1998-01-01 0:00:00,-0.297109623018026
133,1,552.000000000000000,34.500000000000000,sst,StdTime,1998-01-01 0:00:00,1998-02-01 0:00:00,-0.789748693006518
134,1,552.000000000000000,34.500000000000000,sst,StdTime,1998-02-01 0:00:00,1998-03-01 0:00:00,-0.900325417063921
135,1,552.000000000000000,34.500000000000000,sst,StdTime,1998-03-01 0:00:00,1998-04-01 0:00:00,-0.510340684215908
136,1,552.000000000000000,34.500000000000000,sst,StdTime,1998-04-01 0:00:00,1998-05-01 0:00:00,-0.093301930255084
137,1,552.000000000000000,34.500000000000000,sst,StdTime,1998-05-01 0:00:00,1998-06-01 0:00:00,0.851161737201451
138,1,552.000000000000000,34.500000000000000,sst,StdTime,1998-06-01 0:00:00,1998-07-01 0:00:00,3.466664176920184
139,1,552.000000000000000,34.500000000000000,sst,StdTime,1998-07-01 0:00:00,1998-08-01 0:00:00,8.897575201331712
140,1,552.000000000000000,34.500000000000000,sst,StdTime,1998-08-01 0:00:00,1998-09-01 0:00:00,9.116418093874826
141,1,552.000000000000000,34.500000000000000,sst,StdTime,1998-09-01 0:00:00,1998-10-01 0:00:00,6.567943087954450
142,1,552.000000000000000,34.500000000000000,sst,StdTime,1998-10-01 0:00:00,1998-11-01 0:00:00,4.015518248081210
143,1,552.000000000000000,34.500000000000000,sst,StdTime,1998-11-01 0:00:00,1998-12-01 0:00:00,1.773155759588099
144,1,552.000000000000000,34.500000000000000,sst,StdTime,1998-12-01 0:00:00,1999-01-01 0:00:00,-0.051917950950050
145,1,552.000000000000000,34.500000000000000,sst,StdTime,1999-01-01 0:00:00,1999-02-01 0:00:00,-0.884361830715468
146,1,552.000000000000000,34.500000000000000,sst,StdTime,1999-02-01 0:00:00,1999-03-01 0:00:00,-1.230097669892122
147,1,552.000000000000000,34.500000000000000,sst,StdTime,1999-03-01 0:00:00,1999-04-01 0:00:00,-1.052068699473950
148,1,552.000000000000000,34.500000000000000,sst,StdTime,1999-04-01 0:00:00,1999-05-01 0:00:00,-1.023101427305516
149,1,552.000000000000000,34.500000000000000,sst,StdTime,1999-05-01 0:00:00,1999-06-01 0:00:00,-0.238870961402073
150,1,552.000000000000000,34.500000000000000,sst,StdTime,1999-06-01 0:00:00,1999-07-01 0:00:00,2.425182912012805
151,1,552.000000000000000,34.500000000000000,sst,StdTime,1999-07-01 0:00:00,1999-08-01 0:00:00,6.678909969502600
152,1,552.000000000000000,34.500000000000000,sst,StdTime,1999-08-01 0:00:00,1999-09-01 0:00:00,7.168553481931270
153,1,552.000000000000000,34.500000000000000,sst,StdTime,1999-09-01 0:00:00,1999-10-01 0:00:00,7.108504066432732
154,1,552.000000000000000,34.500000000000000,sst,StdTime,1999-10-01 0:00:00,1999-11-01 0:00:00,3.880948372077250
155,1,552.000000000000000,34.500000000000000,sst,StdTime,1999-11-01 0:00:00,1999-12-01 0:00:00,0.420798903273585
156,1,552.000000000000000,34.500000000000000,sst,StdTime,1999-12-01 0:00:00,2000-01-01 0:00:00,-0.840551640266431
157,1,552.000000000000000,34.500000000000000,sst,StdTime,2000-01-01 0:00:00,2000-02-01 0:00:00,-1.088197144909181
158,1,552.000000000000000,34.500000000000000,sst,StdTime,2000-02-01 0:00:00,2000-03-01 0:00:00,-0.643458880560872
159,1,552.000000000000000,34.500000000000000,sst,StdTime,2000-03-01 0:00:00,2000-04-01 0:00:00,-0.457007350745962
160,1,552.000000000000000,34.500000000000000,sst,StdTime,2000-04-01 0:00:00,2000-05-01 0:00:00,-0.694983076884586
161,1,552.000000000000000,34.500000000000000,sst,StdTime,2000-05-01 0:00:00,2000-06-01 0:00:00,0.438430915009425
162,1,552.000000000000000,34.500000000000000,sst,StdTime,2000-06-01 0:00:00,2000-07-01 0:00:00,3.179175049066545
163,1,552.000000000000000,34.500000000000000,sst,StdTime,2000-07-01 0:00:00,2000-08-01 0:00:00,8.963734612084814
164,1,552.000000000000000,34.500000000000000,sst,StdTime,2000-08-01 0:00:00,2000-09-01 0:00:00,8.413824026999261
165,1,552.000000000000000,34.500000000000000,sst,StdTime,2000-09-01 0:00:00,2000-10-01 0:00:00,6.958510112935218
166,1,552.000000000000000,34.500000000000000,sst,StdTime,2000-10-01 0:00:00,2000-11-01 0:00:00,4.292225827557457
167,1,552.000000000000000,34.500000000000000,sst,StdTime,2000-11-01 0:00:00,2000-12-01 0:00:00,3.141027098656563
168,1,552.000000000000000,34.500000000000000,sst,StdTime,2000-12-01 0:00:00,2001-01-01 0:00:00,0.816693529087059
169,1,552.000000000000000,34.500000000000000,sst,StdTime,2001-01-01 0:00:00,2001-02-01 0:00:00,-0.146528163558959
170,1,552.000000000000000,34.500000000000000,sst,StdTime,2001-02-01 0:00:00,2001-03-01 0:00:00,0.095403078666794
171,1,552.000000000000000,34.500000000000000,sst,StdTime,2001-03-01 0:00:00,2001-04-01 0:00:00,-0.516249986475525
172,1,552.000000000000000,34.500000000000000,sst,StdTime,2001-04-01 0:00:00,2001-05-01 0:00:00,-0.608789841586627
173,1,552.000000000000000,34.500000000000000,sst,StdTime,2001-05-01 0:00:00,2001-06-01 0:00:00,0.241713996372604
174,1,552.000000000000000,34.500000000000000,sst,StdTime,2001-06-01 0:00:00,2001-07-01 0:00:00,3.263272269912391
175,1,552.000000000000000,34.500000000000000,sst,StdTime,2001-07-01 0:00:00,2001-08-01 0:00:00,6.989941412987916
176,1,552.000000000000000,34.500000000000000,sst,StdTime,2001-08-01 0:00:00,2001-09-01 0:00:00,8.112001939960150
177,1,552.000000000000000,34.500000000000000,sst,StdTime,2001-09-01 0:00:00,2001-10-01 0:00:00,7.213274594234388
178,1,552.000000000000000,34.500000000000000,sst,StdTime,2001-10-01 0:00:00,2001-11-01 0:00:00,3.907876839888270
179,1,552.000000000000000,34.500000000000000,sst,StdTime,2001-11-01 0:00:00,2001-12-01 0:00:00,0.698936577949507
180,1,552.000000000000000,34.500000000000000,sst,StdTime,2001-12-01 0:00:00,2002-01-01 0:00:00,-0.502026050403020
181,1,552.000000000000000,34.500000000000000,sst,StdTime,2002-01-01 0:00:00,2002-02-01 0:00:00,-1.004607853466186
182,1,552.000000000000000,34.500000000000000,sst,StdTime,2002-02-01 0:00:00,2002-03-01 0:00:00,-1.152848706027304
183,1,552.000000000000000,34.500000000000000,sst,StdTime,2002-03-01 0:00:00,2002-04-01 0:00:00,-0.417481290729062
184,1,552.000000000000000,34.500000000000000,sst,StdTime,2002-04-01 0:00:00,2002-05-01 0:00:00,-0.304003013239708
185,1,552.000000000000000,34.500000000000000,sst,StdTime,2002-05-01 0:00:00,2002-06-01 0:00:00,1.118657639338315
186,1,552.000000000000000,34.500000000000000,sst,StdTime,2002-06-01 0:00:00,2002-07-01 0:00:00,4.766399046649109
187,1,552.000000000000000,34.500000000000000,sst,StdTime,2002-07-01 0:00:00,2002-08-01 0:00:00,8.171724316866497
188,1,552.000000000000000,34.500000000000000,sst,StdTime,2002-08-01 0:00:00,2002-09-01 0:00:00,9.787177795949196
189,1,552.000000000000000,34.500000000000000,sst,StdTime,2002-09-01 0:00:00,2002-10-01 0:00:00,7.779782433440716
190,1,552.000000000000000,34.500000000000000,sst,StdTime,2002-10-01 0:00:00,2002-11-01 0:00:00,5.412324554246410
191,1,552.000000000000000,34.500000000000000,sst,StdTime,2002-11-01 0:00:00,2002-12-01 0:00:00,2.453980010191814
192,1,552.000000000000000,34.500000000000000,sst,StdTime,2002-12-01 0:00:00,2003-01-01 0:00:00,1.091881697936397
193,1,552.000000000000000,34.500000000000000,sst,StdTime,2003-01-01 0:00:00,2003-02-01 0:00:00,-0.285298613632419
194,1,552.000000000000000,34.500000000000000,sst,StdTime,2003-02-01 0:00:00,2003-03-01 0:00:00,-0.685749854786621
195,1,552.000000000000000,34.500000000000000,sst,StdTime,2003-03-01 0:00:00,2003-04-01 0:00:00,-0.552556088614780
196,1,552.000000000000000,34.500000000000000,sst,StdTime,2003-04-01 0:00:00,2003-05-01 0:00:00,-0.350558566871874
197,1,552.000000000000000,34.500000000000000,sst,StdTime,2003-05-01 0:00:00,2003-06-01 0:00:00,1.324567523053756
198,1,552.000000000000000,34.500000000000000,sst,StdTime,2003-06-01 0:00:00,2003-07-01 0:00:00,5.355331988870232
199,1,552.000000000000000,34.500000000000000,sst,StdTime,2003-07-01 0:00:00,2003-08-01 0:00:00,9.021499914535575
200,1,552.000000000000000,34.500000000000000,sst,StdTime,2003-08-01 0:00:00,2003-09-01 0:00:00,10.188655702100284
201,1,552.000000000000000,34.500000000000000,sst,StdTime,2003-09-01 0:00:00,2003-10-01 0:00:00,8.992970814739451
202,1,552.000000000000000,34.500000000000000,sst,StdTime,2003-10-01 0:00:00,2003-11-01 0:00:00,5.613215163134147
203,1,552.000000000000000,34.500000000000000,sst,StdTime,2003-11-01 0:00:00,2003-12-01 0:00:00,2.643571796624557
204,1,552.000000000000000,34.500000000000000,sst,StdTime,2003-12-01 0:00:00,2004-01-01 0:00:00,0.028014260741591
205,1,552.000000000000000,34.500000000000000,sst,StdTime,2004-01-01 0:00:00,2004-02-01 0:00:00,-0.575418406200724
206,1,552.000000000000000,34.500000000000000,sst,StdTime,2004-02-01 0:00:00,2004-03-01 0:00:00,-0.779135415101495
207,1,552.000000000000000,34.500000000000000,sst,StdTime,2004-03-01 0:00:00,2004-04-01 0:00:00,-0.729992971487344
208,1,552.000000000000000,34.500000000000000,sst,StdTime,2004-04-01 0:00:00,2004-05-01 0:00:00,-0.525247571784901
209,1,552.000000000000000,34.500000000000000,sst,StdTime,2004-05-01 0:00:00,2004-06-01 0:00:00,1.239072552328741
210,1,552.000000000000000,34.500000000000000,sst,StdTime,2004-06-01 0:00:00,2004-07-01 0:00:00,6.193391172782240
211,1,552.000000000000000,34.500000000000000,sst,StdTime,2004-07-01 0:00:00,2004-08-01 0:00:00,10.106543153956309
212,1,552.000000000000000,34.500000000000000,sst,StdTime,2004-08-01 0:00:00,2004-09-01 0:00:00,11.233615320661801
213,1,552.000000000000000,34.500000000000000,sst,StdTime,2004-09-01 0:00:00,2004-10-01 0:00:00,9.265145922052694
214,1,552.000000000000000,34.500000000000000,sst,StdTime,2004-10-01 0:00:00,2004-11-01 0:00:00,5.532257939594373
215,1,552.000000000000000,34.500000000000000,sst,StdTime,2004-11-01 0:00:00,2004-12-01 0:00:00,1.964457080694443
216,1,552.000000000000000,34.500000000000000,sst,StdTime,2004-12-01 0:00:00,2005-01-01 0:00:00,0.407948213102181
217,1,552.000000000000000,34.500000000000000,sst,StdTime,2005-01-01 0:00:00,2005-02-01 0:00:00,-0.248134636166219
218,1,552.000000000000000,34.500000000000000,sst,StdTime,2005-02-01 0:00:00,2005-03-01 0:00:00,-0.855645684741962
219,1,552.000000000000000,34.500000000000000,sst,StdTime,2005-03-01 0:00:00,2005-04-01 0:00:00,-0.800850261402640
220,1,552.000000000000000,34.500000000000000,sst,StdTime,2005-04-01 0:00:00,2005-05-01 0:00:00,-0.662355661583706
221,1,552.000000000000000,34.500000000000000,sst,StdTime,2005-05-01 0:00:00,2005-06-01 0:00:00,0.652727309017370
222,1,552.000000000000000,34.500000000000000,sst,StdTime,2005-06-01 0:00:00,2005-07-01 0:00:00,4.577736007130667
223,1,552.000000000000000,34.500000000000000,sst,StdTime,2005-07-01 0:00:00,2005-08-01 0:00:00,9.287248500879262
224,1,552.000000000000000,34.500000000000000,sst,StdTime,2005-08-01 0:00:00,2005-09-01 0:00:00,10.189238314179406
225,1,552.000000000000000,34.500000000000000,sst,StdTime,2005-09-01 0:00:00,2005-10-01 0:00:00,8.268589809320975
226,1,552.000000000000000,34.500000000000000,sst,StdTime,2005-10-01 0:00:00,2005-11-01 0:00:00,4.556845373865482
227,1,552.000000000000000,34.500000000000000,sst,StdTime,2005-11-01 0:00:00,2005-12-01 0:00:00,0.950557345471284
228,1,552.000000000000000,34.500000000000000,sst,StdTime,2005-12-01 0:00:00,2006-01-01 0:00:00,-0.622605174011171
229,1,552.000000000000000,34.500000000000000,sst,StdTime,2006-01-01 0:00:00,2006-02-01 0:00:00,-0.939852710675357
230,1,552.000000000000000,34.500000000000000,sst,StdTime,2006-02-01 0:00:00,2006-03-01 0:00:00,-0.971182691074226
231,1,552.000000000000000,34.500000000000000,sst,StdTime,2006-03-01 0:00:00,2006-04-01 0:00:00,-0.799905892495282
232,1,552.000000000000000,34.500000000000000,sst,StdTime,2006-04-01 0:00:00,2006-05-01 0:00:00,-0.572480663194902
233,1,552.000000000000000,34.500000000000000,sst,StdTime,2006-05-01 0:00:00,2006-06-01 0:00:00,0.064839876886306
234,1,552.000000000000000,34.500000000000000,sst,StdTime,2006-06-01 0:00:00,2006-07-01 0:00:00,3.657601362985113
235,1,552.000000000000000,34.500000000000000,sst,StdTime,2006-07-01 0:00:00,2006-08-01 0:00:00,7.889742113541867
236,1,552.000000000000000,34.500000000000000,sst,StdTime,2006-08-01 0:00:00,2006-09-01 0:00:00,9.555217158103341
237,1,552.000000000000000,34.500000000000000,sst,StdTime,2006-09-01 0:00:00,2006-10-01 0:00:00,8.558220224104058
238,1,552.000000000000000,34.500000000000000,sst,StdTime,2006-10-01 0:00:00,2006-11-01 0:00:00,4.965584850397662
239,1,552.000000000000000,34.500000000000000,sst,StdTime,2006-11-01 0:00:00,2006-12-01 0:00:00,1.261220986846889
240,1,552.000000000000000,34.500000000000000,sst,StdTime,2006-12-01 0:00:00,2007-01-01 0:00:00,-0.014042776833577
241,1,552.000000000000000,34.500000000000000,sst,StdTime,2007-01-01 0:00:00,2007-02-01 0:00:00,-1.130040296015965
242,1,552.000000000000000,34.500000000000000,sst,StdTime,2007-02-01 0:00:00,2007-03-01 0:00:00,-0.798645814146806
243,1,552.000000000000000,34.500000000000000,sst,StdTime,2007-03-01 0:00:00,2007-04-01 0:00:00,-1.069146770924883
244,1,552.000000000000000,34.500000000000000,sst,StdTime,2007-04-01 0:00:00,2007-05-01 0:00:00,-0.881468576223848
245,1,552.000000000000000,34.500000000000000,sst,StdTime,2007-05-01 0:00:00,2007-06-01 0:00:00,0.163813109695342
246,1,552.000000000000000,34.500000000000000,sst,StdTime,2007-06-01 0:00:00,2007-07-01 0:00:00,4.096519834537433
247,1,552.000000000000000,34.500000000000000,sst,StdTime,2007-07-01 0:00:00,2007-08-01 0:00:00,9.935578320337365
248,1,552.000000000000000,34.500000000000000,sst,StdTime,2007-08-01 0:00:00,2007-09-01 0:00:00,10.869968773662185
249,1,552.000000000000000,34.500000000000000,sst,StdTime,2007-09-01 0:00:00,2007-10-01 0:00:00,8.957229889821329
250,1,552.000000000000000,34.500000000000000,sst,StdTime,2007-10-01 0:00:00,2007-11-01 0:00:00,4.618919361760650
251,1,552.000000000000000,34.500000000000000,sst,StdTime,2007-11-01 0:00:00,2007-12-01 0:00:00,1.066021714371016
252,1,552.000000000000000,34.500000000000000,sst,StdTime,2007-12-01 0:00:00,2008-01-01 0:00:00,0.180994619537766
253,1,552.000000000000000,34.500000000000000,sst,StdTime,2008-01-01 0:00:00,2008-02-01 0:00:00,-1.038336229298022
254,1,552.000000000000000,34.500000000000000,sst,StdTime,2008-02-01 0:00:00,2008-03-01 0:00:00,-1.180946373144516
255,1,552.000000000000000,34.500000000000000,sst,StdTime,2008-03-01 0:00:00,2008-04-01 0:00:00,-1.012594063202784
256,1,552.000000000000000,34.500000000000000,sst,StdTime,2008-04-01 0:00:00,2008-05-01 0:00:00,-1.333120136754586
257,1,552.000000000000000,34.500000000000000,sst,StdTime,2008-05-01 0:00:00,2008-06-01 0:00:00,-0.075994622196089
258,1,552.000000000000000,34.500000000000000,sst,StdTime,2008-06-01 0:00:00,2008-07-01 0:00:00,3.929879739880561
259,1,552.000000000000000,34.500000000000000,sst,StdTime,2008-07-01 0:00:00,2008-08-01 0:00:00,7.824928548888864
260,1,552.000000000000000,34.500000000000000,sst,StdTime,2008-08-01 0:00:00,2008-09-01 0:00:00,8.789665525374202
261,1,552.000000000000000,34.500000000000000,sst,StdTime,2008-09-01 0:00:00,2008-10-01 0:00:00,8.001205128172174
262,1,552.000000000000000,34.500000000000000,sst,StdTime,2008-10-01 0:00:00,2008-11-01 0:00:00,3.987331022818883
263,1,552.000000000000000,34.500000000000000,sst,StdTime,2008-11-01 0:00:00,2008-12-01 0:00:00,0.857566406899739
264,1,552.000000000000000,34.500000000000000,sst,StdTime,2008-12-01 0:00:00,2009-01-01 0:00:00,-0.580938507969077
265,1,552.000000000000000,34.500000000000000,sst,StdTime,2009-01-01 0:00:00,2009-02-01 0:00:00,-1.212225894924537
266,1,552.000000000000000,34.500000000000000,sst,StdTime,2009-02-01 0:00:00,2009-03-01 0:00:00,-1.202336928948921
267,1,552.000000000000000,34.500000000000000,sst,StdTime,2009-03-01 0:00:00,2009-04-01 0:00:00,-1.087646653086109
268,1,552.000000000000000,34.500000000000000,sst,StdTime,2009-04-01 0:00:00,2009-05-01 0:00:00,-0.610228246756141
269,1,552.000000000000000,34.500000000000000,sst,StdTime,2009-05-01 0:00:00,2009-06-01 0:00:00,-0.165802356667869
270,1,552.000000000000000,34.500000000000000,sst,StdTime,2009-06-01 0:00:00,2009-07-01 0:00:00,4.253521031659580
271,1,552.000000000000000,34.500000000000000,sst,StdTime,2009-07-01 0:00:00,2009-08-01 0:00:00,7.572605605574626
272,1,552.000000000000000,34.500000000000000,sst,StdTime,2009-08-01 0:00:00,2009-09-01 0:00:00,9.078592606212778
273,1,552.000000000000000,34.500000000000000,sst,StdTime,2009-09-01 0:00:00,2009-10-01 0:00:00,7.574771563643997
274,1,552.000000000000000,34.500000000000000,sst,StdTime,2009-10-01 0:00:00,2009-11-01 0:00:00,4.783101805742237
275,1,552.000000000000000,34.500000000000000,sst,StdTime,2009-11-01 0:00:00,2009-12-01 0:00:00,1.116563982796768
276,1,552.000000000000000,34.500000000000000,sst,StdTime,2009-12-01 0:00:00,2010-01-01 0:00:00,-0.785964800148655
277,1,552.000000000000000,34.500000000000000,sst,StdTime,2010-01-01 0:00:00,2010-02-01 0:00:00,-1.060691302966165
278,1,552.000000000000000,34.500000000000000,sst,StdTime,2010-02-01 0:00:00,2010-03-01 0:00:00,-1.360740137070526
279,1,552.000000000000000,34.500000000000000,sst,StdTime,2010-03-01 0:00:00,2010-04-01 0:00:00,-1.432377246578825
280,1,552.000000000000000,34.500000000000000,sst,StdTime,2010-04-01 0:00:00,2010-05-01 0:00:00,-1.278265668285093
281,1,552.000000000000000,34.500000000000000,sst,StdTime,2010-05-01 0:00:00,2010-06-01 0:00:00,-0.455473341117782
282,1,552.000000000000000,34.500000000000000,sst,StdTime,2010-06-01 0:00:00,2010-07-01 0:00:00,2.734074208696468
283,1,552.000000000000000,34.500000000000000,sst,StdTime,2010-07-01 0:00:00,2010-08-01 0:00:00,8.093859694142274
284,1,552.000000000000000,34.500000000000000,sst,StdTime,2010-08-01 0:00:00,2010-09-01 0:00:00,9.793958992197883
285,1,552.000000000000000,34.500000000000000,sst,StdTime,2010-09-01 0:00:00,2010-10-01 0:00:00,8.215325907520620
286,1,552.000000000000000,34.500000000000000,sst,StdTime,2010-10-01 0:00:00,2010-11-01 0:00:00,4.827495798252635
287,1,552.000000000000000,34.500000000000000,sst,StdTime,2010-11-01 0:00:00,2010-12-01 0:00:00,1.774506600593906
288,1,552.000000000000000,34.500000000000000,sst,StdTime,2010-12-01 0:00:00,2011-01-01 0:00:00,-0.152466685560364
289,1,552.000000000000000,34.500000000000000,sst,StdTime,2011-01-01 0:00:00,2011-02-01 0:00:00,-1.204023462484433
290,1,552.000000000000000,34.500000000000000,sst,StdTime,2011-02-01 0:00:00,2011-03-01 0:00:00,-1.378252426034979
291,1,552.000000000000000,34.500000000000000,sst,StdTime,2011-03-01 0:00:00,2011-04-01 0:00:00,-1.185098149746226
292,1,552.000000000000000,34.500000000000000,sst,StdTime,2011-04-01 0:00:00,2011-05-01 0:00:00,-1.166035602093146
293,1,552.000000000000000,34.500000000000000,sst,StdTime,2011-05-01 0:00:00,2011-06-01 0:00:00,0.206086368595277
294,1,552.000000000000000,34.500000000000000,sst,StdTime,2011-06-01 0:00:00,2011-07-01 0:00:00,4.125839277022123
295,1,552.000000000000000,34.500000000000000,sst,StdTime,2011-07-01 0:00:00,2011-08-01 0:00:00,6.687720162281098
296,1,552.000000000000000,34.500000000000000,sst,StdTime,2011-08-01 0:00:00,2011-09-01 0:00:00,8.007200616857277
297,1,552.000000000000000,34.500000000000000,sst,StdTime,2011-09-01 0:00:00,2011-10-01 0:00:00,6.759267969407890
298,1,552.000000000000000,34.500000000000000,sst,StdTime,2011-10-01 0:00:00,2011-11-01 0:00:00,4.461303659107374
299,1,552.000000000000000,34.500000000000000,sst,StdTime,2011-11-01 0:00:00,2011-12-01 0:00:00,0.948012056497290
300,1,552.000000000000000,34.500000000000000,sst,StdTime,2011-12-01 0:00:00,2012-01-01 0:00:00,-0.433644799503584
301,1,552.000000000000000,34.500000000000000,sst,StdTime,2012-01-01 0:00:00,2012-02-01 0:00:00,-1.314683820325561
302,1,552.000000000000000,34.500000000000000,sst,StdTime,2012-02-01 0:00:00,2012-03-01 0:00:00,-1.060878287331855
303,1,552.000000000000000,34.500000000000000,sst,StdTime,2012-03-01 0:00:00,2012-04-01 0:00:00,-1.170790060235509
304,1,552.000000000000000,34.500000000000000,sst,StdTime,2012-04-01 0:00:00,2012-05-01 0:00:00,-0.946929325258521
305,1,552.000000000000000,34.500000000000000,sst,StdTime,2012-05-01 0:00:00,2012-06-01 0:00:00,-0.225217970075470
306,1,552.000000000000000,34.500000000000000,sst,StdTime,2012-06-01 0:00:00,2012-07-01 0:00:00,2.608545832551903
307,1,552.000000000000000,34.500000000000000,sst,StdTime,2012-07-01 0:00:00,2012-08-01 0:00:00,7.989330692567682
308,1,552.000000000000000,34.500000000000000,sst,StdTime,2012-08-01 0:00:00,2012-09-01 0:00:00,8.536097269127321
309,1,552.000000000000000,34.500000000000000,sst,StdTime,2012-09-01 0:00:00,2012-10-01 0:00:00,6.146856132408841
310,1,552.000000000000000,34.500000000000000,sst,StdTime,2012-10-01 0:00:00,2012-11-01 0:00:00,3.174088871349459
311,1,552.000000000000000,34.500000000000000,sst,StdTime,2012-11-01 0:00:00,2012-12-01 0:00:00,0.374847818923403
312,1,552.000000000000000,34.500000000000000,sst,StdTime,2012-12-01 0:00:00,2013-01-01 0:00:00,-0.702948207843819
313,1,552.000000000000000,34.500000000000000,sst,StdTime,2013-01-01 0:00:00,2013-02-01 0:00:00,-0.821165828495567
314,1,552.000000000000000,34.500000000000000,sst,StdTime,2013-02-01 0:00:00,2013-03-01 0:00:00,-1.231807036946217
315,1,552.000000000000000,34.500000000000000,sst,StdTime,2013-03-01 0:00:00,2013-04-01 0:00:00,-1.158971456000987
316,1,552.000000000000000,34.500000000000000,sst,StdTime,2013-04-01 0:00:00,2013-05-01 0:00:00,-1.019473405189618
317,1,552.000000000000000,34.500000000000000,sst,StdTime,2013-05-01 0:00:00,2013-06-01 0:00:00,-0.184860328359798
318,1,552.000000000000000,34.500000000000000,sst,StdTime,2013-06-01 0:00:00,2013-07-01 0:00:00,3.741656924503442
319,1,552.000000000000000,34.500000000000000,sst,StdTime,2013-07-01 0:00:00,2013-08-01 0:00:00,8.231309427731270
320,1,552.000000000000000,34.500000000000000,sst,StdTime,2013-08-01 0:00:00,2013-09-01 0:00:00,10.015964596167851
321,1,552.000000000000000,34.500000000000000,sst,StdTime,2013-09-01 0:00:00,2013-10-01 0:00:00,7.866580742856727
322,1,552.000000000000000,34.500000000000000,sst,StdTime,2013-10-01 0:00:00,2013-11-01 0:00:00,4.938066726577454
323,1,552.000000000000000,34.500000000000000,sst,StdTime,2013-11-01 0:00:00,2013-12-01 0:00:00,2.568637020615997
324,1,552.000000000000000,34.500000000000000,sst,StdTime,2013-12-01 0:00:00,2014-01-01 0:00:00,0.109867924959700
325,1,552.000000000000000,34.500000000000000,sst,StdTime,2014-01-01 0:00:00,2014-02-01 0:00:00,-0.610717025486562
326,1,552.000000000000000,34.500000000000000,sst,StdTime,2014-02-01 0:00:00,2014-03-01 0:00:00,-0.602672088064551
327,1,552.000000000000000,34.500000000000000,sst,StdTime,2014-03-01 0:00:00,2014-04-01 0:00:00,-0.769247292218717
328,1,552.000000000000000,34.500000000000000,sst,StdTime,2014-04-01 0:00:00,2014-05-01 0:00:00,-0.533381630939982
329,1,552.000000000000000,34.500000000000000,sst,StdTime,2014-05-01 0:00:00,2014-06-01 0:00:00,1.124580387380800
330,1,552.000000000000000,34.500000000000000,sst,StdTime,2014-06-01 0:00:00,2014-07-01 0:00:00,4.468029482209164
331,1,552.000000000000000,34.500000000000000,sst,StdTime,2014-07-01 0:00:00,2014-08-01 0:00:00,8.404451079126716
332,1,552.000000000000000,34.500000000000000,sst,StdTime,2014-08-01 0:00:00,2014-09-01 0:00:00,11.734228924564693
333,1,552.000000000000000,34.500000000000000,sst,StdTime,2014-09-01 0:00:00,2014-10-01 0:00:00,9.938579491083178
334,1,552.000000000000000,34.500000000000000,sst,StdTime,2014-10-01 0:00:00,2014-11-01 0:00:00,4.678907675371655
335,1,552.000000000000000,34.500000000000000,sst,StdTime,2014-11-01 0:00:00,2014-12-01 0:00:00,1.851570006750735
336,1,552.000000000000000,34.500000000000000,sst,StdTime,2014-12-01 0:00:00,2015-01-01 0:00:00,0.815156596291817
337,1,552.000000000000000,34.500000000000000,sst,StdTime,2015-01-01 0:00:00,2015-02-01 0:00:00,-0.093553644054961
338,1,552.000000000000000,34.500000000000000,sst,StdTime,2015-02-01 0:00:00,2015-03-01 0:00:00,-0.769657721048292
339,1,552.000000000000000,34.500000000000000,sst,StdTime,2015-03-01 0:00:00,2015-04-01 0:00:00,-0.901044859712019
340,1,552.000000000000000,34.500000000000000,sst,StdTime,2015-04-01 0:00:00,2015-05-01 0:00:00,-0.813879207759401
341,1,552.000000000000000,34.500000000000000,sst,StdTime,2015-05-01 0:00:00,2015-06-01 0:00:00,1.027340436939731
342,1,552.000000000000000,34.500000000000000,sst,StdTime,2015-06-01 0:00:00,2015-07-01 0:00:00,5.463266790777018
343,1,552.000000000000000,34.500000000000000,sst,StdTime,2015-07-01 0:00:00,2015-08-01 0:00:00,8.646211237147231
344,1,552.000000000000000,34.500000000000000,sst,StdTime,2015-08-01 0:00:00,2015-09-01 0:00:00,9.605486577835629
345,1,552.000000000000000,34.500000000000000,sst,StdTime,2015-09-01 0:00:00,2015-10-01 0:00:00,7.625554159931517
346,1,552.000000000000000,34.500000000000000,sst,StdTime,2015-10-01 0:00:00,2015-11-01 0:00:00,5.056189704200502
347,1,552.000000000000000,34.500000000000000,sst,StdTime,2015-11-01 0:00:00,2015-12-01 0:00:00,2.499916001600956
348,1,552.000000000000000,34.500000000000000,sst,StdTime,2015-12-01 0:00:00,2016-01-01 0:00:00,0.544813568337290
349,1,552.000000000000000,34.500000000000000,sst,StdTime,2016-01-01 0:00:00,2016-02-01 0:00:00,-0.999817064892419
350,1,552.000000000000000,34.500000000000000,sst,StdTime,2016-02-01 0:00:00,2016-03-01 0:00:00,-1.431228101962124
351,1,552.000000000000000,34.500000000000000,sst,StdTime,2016-03-01 0:00:00,2016-04-01 0:00:00,-1.505546361207961
352,1,552.000000000000000,34.500000000000000,sst,StdTime,2016-04-01 0:00:00,2016-05-01 0:00:00,-0.844123772862182
353,1,552.000000000000000,34.500000000000000,sst,StdTime,2016-05-01 0:00:00,2016-06-01 0:00:00,2.492450269612744
354,1,552.000000000000000,34.500000000000000,sst,StdTime,2016-06-01 0:00:00,2016-07-01 0:00:00,6.570782473985699
355,1,552.000000000000000,34.500000000000000,sst,StdTime,2016-07-01 0:00:00,2016-08-01 0:00:00,11.201808422371968
356,1,552.000000000000000,34.500000000000000,sst,StdTime,2016-08-01 0:00:00,2016-09-01 0:00:00,11.154486090376764
357,1,552.000000000000000,34.500000000000000,sst,StdTime,2016-09-01 0:00:00,2016-10-01 0:00:00,8.949586721434093
358,1,552.000000000000000,34.500000000000000,sst,StdTime,2016-10-01 0:00:00,2016-11-01 0:00:00,7.513962536618332
359,1,552.000000000000000,34.500000000000000,sst,StdTime,2016-11-01 0:00:00,2016-12-01 0:00:00,3.712994483228693
360,1,552.000000000000000,34.500000000000000,sst,StdTime,2016-12-01 0:00:00,2017-01-01 0:00:00,0.359502094794838
361,1,552.000000000000000,34.500000000000000,sst,StdTime,2017-01-01 0:00:00,2017-02-01 0:00:00,-0.007471368600871
362,1,552.000000000000000,34.500000000000000,sst,StdTime,2017-02-01 0:00:00,2017-03-01 0:00:00,-0.627293593494855
363,1,552.000000000000000,34.500000000000000,sst,StdTime,2017-03-01 0:00:00,2017-04-01 0:00:00,-1.616110876202584
364,1,552.000000000000000,34.500000000000000,sst,StdTime,2017-04-01 0:00:00,2017-05-01 0:00:00,-1.371338133146796
365,1,552.000000000000000,34.500000000000000,sst,StdTime,2017-05-01 0:00:00,2017-06-01 0:00:00,1.410544027397207
366,1,552.000000000000000,34.500000000000000,sst,StdTime,2017-06-01 0:00:00,2017-07-01 0:00:00,7.066292123518128
367,1,552.000000000000000,34.500000000000000,sst,StdTime,2017-07-01 0:00:00,2017-08-01 0:00:00,9.457315711007597
368,1,552.000000000000000,34.500000000000000,sst,StdTime,2017-08-01 0:00:00,2017-09-01 0:00:00,10.523220906223083
369,1,552.000000000000000,34.500000000000000,sst,StdTime,2017-09-01 0:00:00,2017-10-01 0:00:00,7.762115166671033
370,1,552.000000000000000,34.500000000000000,sst,StdTime,2017-10-01 0:00:00,2017-11-01 0:00:00,5.719142000744304
371,1,552.000000000000000,34.500000000000000,sst,StdTime,2017-11-01 0:00:00,2017-12-01 0:00:00,2.480530135009600
372,1,552.000000000000000,34.500000000000000,sst,StdTime,2017-12-01 0:00:00,2018-01-01 0:00:00,0.355701835449799
373,1,552.000000000000000,34.500000000000000,sst,StdTime,2018-01-01 0:00:00,2018-02-01 0:00:00,-0.865852011131051
374,1,552.000000000000000,34.500000000000000,sst,StdTime,2018-02-01 0:00:00,2018-03-01 0:00:00,-1.286154213761514
375,1,552.000000000000000,34.500000000000000,sst,StdTime,2018-03-01 0:00:00,2018-04-01 0:00:00,-1.258349081940031
376,1,552.000000000000000,34.500000000000000,sst,StdTime,2018-04-01 0:00:00,2018-05-01 0:00:00,-0.687394912253417
377,1,552.000000000000000,34.500000000000000,sst,StdTime,2018-05-01 0:00:00,2018-06-01 0:00:00,1.834044487512522
378,1,552.000000000000000,34.500000000000000,sst,StdTime,2018-06-01 0:00:00,2018-07-01 0:00:00,5.687669555778084
379,1,552.000000000000000,34.500000000000000,sst,StdTime,2018-07-01 0:00:00,2018-08-01 0:00:00,10.613482111606039
380,1,552.000000000000000,34.500000000000000,sst,StdTime,2018-08-01 0:00:00,2018-09-01 0:00:00,11.183946090331968
381,1,552.000000000000000,34.500000000000000,sst,StdTime,2018-09-01 0:00:00,2018-10-01 0:00:00,10.065139279849300
382,1,552.000000000000000,34.500000000000000,sst,StdTime,2018-10-01 0:00:00,2018-11-01 0:00:00,7.749088181101755
383,1,552.000000000000000,34.500000000000000,sst,StdTime,2018-11-01 0:00:00,2018-12-01 0:00:00,3.658121893013679
384,1,552.000000000000000,34.500000000000000,sst,StdTime,2018-12-01 0:00:00,2018-12-31 0:00:00,0.011678939818513
