"","population","BroodYear","R_lwr","R_med","R_upr","S_lwr","S_med","S_upr"
"1","Carmacks",1985,7.14764697811022,9.2509296208881,12.4846057428618,2.90808489270969,4.1882914352422,6.08295638047465
"2","Lower Mainstem",1985,12.071813965871,15.8707859888246,21.5380263408408,3.11082060589563,4.25936129917144,5.77708922228233
"3","Middle Mainstem",1985,11.7301691962463,15.4651165555789,20.1100136478862,6.58277723009379,8.25541260642031,10.2869966935055
"4","Pelly",1985,14.8546570597848,19.323889096827,26.2237788082367,4.68526941558628,6.35804746385315,8.61261541752341
"5","Stewart",1985,9.82594146753929,13.4759965546783,18.7226770128167,2.8977815300825,4.1732791338442,6.07492120932438
"6","Teslin",1985,9.97820784866225,13.250250565584,18.0265540782849,5.24313629220497,6.95196506169952,9.33605194163435
"7","Upper Lakes and Mainstem",1985,8.27175714742209,11.1812691611783,15.247736751632,3.28674138100329,4.21371928611814,5.44377487128581
"8","White-Donjek",1985,8.71738271643825,11.5338789177747,15.2887522934735,1.82500564888508,2.93574975288065,4.74732851512947
"9","Carmacks",1986,20.9670272387337,26.7552043639719,35.2988744561115,4.38842421647758,6.20674660529784,8.83305293975695
"10","Lower Mainstem",1986,24.1245653232924,30.9390011175543,40.4197741866961,5.96728588700451,7.42589461508403,9.31014721883517
"11","Middle Mainstem",1986,30.9853600144747,39.1683428717194,50.4491583614542,10.7622358912662,12.7971634837286,15.1772766667402
"12","Pelly",1986,26.0529496229675,33.5106784520504,42.8041661273578,7.54227210769297,9.85720813384899,12.8974273416187
"13","Stewart",1986,15.1915702594706,19.6866503953953,25.4173681709232,3.46415508788264,5.1212982421644,7.54709101567461
"14","Teslin",1986,20.8765453929208,26.4815418736944,34.5898849157588,6.4759424224403,8.70347084683044,11.5180231458518
"15","Upper Lakes and Mainstem",1986,22.5527652678929,29.3131959400985,38.0925288123582,2.12739081979541,2.83547862482554,3.80702060393367
"16","White-Donjek",1986,12.972406990653,16.9818228488516,21.968359175584,2.83830352602019,4.24238591387705,6.488242511106
"17","Carmacks",1987,12.573511413677,16.3371644202702,21.1340176790899,2.95321431077069,4.09434281144214,5.75490859845419
"18","Lower Mainstem",1987,23.9941652366255,30.5365075347783,39.6191580299921,3.5011188640564,4.68404283122359,6.22207576407393
"19","Middle Mainstem",1987,20.3340951542664,26.3860095414149,33.6341937548173,5.89817588257883,7.56229359268218,9.71186533938419
"20","Pelly",1987,15.738322088549,20.1290362236241,25.3411278853053,5.75990732925937,7.43072267981502,9.48542521214478
"21","Stewart",1987,8.11359773220054,10.6170414933603,13.7805302414211,2.34683514898885,3.43573274213201,4.94844124158395
"22","Teslin",1987,13.1386237622244,16.5591296839524,21.146064547971,2.39019999977718,3.48787864648759,5.13240206267732
"23","Upper Lakes and Mainstem",1987,10.9351228483959,14.1551430425256,18.3500453374149,1.33620665730145,2.29130174918247,3.94337078604481
"24","White-Donjek",1987,12.6669397793272,16.0464221573785,20.9511161792636,2.23279748690938,3.34436259371714,5.09462374913761
"25","Carmacks",1988,14.7321328822182,18.9226457622587,23.8788727321824,4.5001240137978,6.0512982189008,8.0207037115191
"26","Lower Mainstem",1988,29.5467297354859,36.8166829950611,47.0859316828822,1.35749209270371,2.01106895096894,2.95683144877796
"27","Middle Mainstem",1988,24.450278229664,30.8438459596942,39.1654728318563,3.82002773841907,4.96875275814423,6.47440452709726
"28","Pelly",1988,17.2869662680673,21.4859383300107,27.0384853889703,4.48756019154309,8.28435808530517,16.1922327148302
"29","Stewart",1988,10.0985650661446,12.8186029380043,15.8161542431757,4.0692875047474,8.13711226377941,15.6186072158084
"30","Teslin",1988,13.2270734347861,16.6346000733633,20.767090475076,4.80106377032027,6.48772271060848,8.67463130114599
"31","Upper Lakes and Mainstem",1988,12.348714034682,15.6127672172128,19.8048830367425,0.539202907169279,0.910789638690022,1.55623126212928
"32","White-Donjek",1988,13.6845598018519,17.3846543025101,22.0074891526899,2.50793683147746,3.70791390886858,5.56631544315905
"33","Carmacks",1989,21.3590192943991,26.3226019928187,32.9008846390755,2.96023281657495,4.15652958489771,5.74218211781835
"34","Lower Mainstem",1989,30.4133669681065,37.2735083055245,45.8961647532391,1.0353447667857,1.93410120933381,3.45064355526579
"35","Middle Mainstem",1989,45.4446840806635,57.2755914399002,73.1364979473758,1.44221287995746,2.79871263257197,5.20553389935716
"36","Pelly",1989,22.5507161957827,28.2777802459364,36.5731640660364,6.05757318159415,10.8775743046991,19.6429428276168
"37","Stewart",1989,14.1212489249045,18.1661808502568,23.4621769382018,5.44622648970681,9.52952852322755,16.3700541342286
"38","Teslin",1989,19.4989077784348,24.2645264649395,30.9096192052433,6.30734814625459,10.0888671409245,15.7279574132006
"39","Upper Lakes and Mainstem",1989,17.8666245554629,22.4164755626369,28.8252605180004,0.393773611501049,0.706469008305959,1.25244040292612
"40","White-Donjek",1989,15.2285414428087,19.6927557986996,25.5545195819651,4.76222791670581,7.79368353149132,12.5152796297431
"41","Carmacks",1990,9.29805910307217,12.2500282532749,15.7570239544761,1.24654647817045,4.07586599940647,13.0458243112682
"42","Lower Mainstem",1990,10.8741505822791,14.2816713045374,18.6330134040806,1.00474557374397,1.71105432939805,2.88002370463628
"43","Middle Mainstem",1990,17.3417628565521,22.6300788205322,29.5460312843124,1.31876917509912,2.74699124419631,6.01918082882351
"44","Pelly",1990,7.97478538833902,10.4439945294549,13.6995738610679,2.35321464968511,4.59955053874164,10.7637110700055
"45","Stewart",1990,4.49547911330448,6.03479429881627,8.20158433398022,3.81734871845245,10.5018019929723,25.3876603825582
"46","Teslin",1990,8.12223108115491,10.803980909676,14.4256483805104,3.27983444957053,7.43477656811762,19.1388319747798
"47","Upper Lakes and Mainstem",1990,6.04173026059806,8.0318220533467,10.7244558965178,0.24735825967504,0.485952248048879,0.959227902030481
"48","White-Donjek",1990,7.75733098773958,10.0904271364291,13.1887622609712,2.96719669528187,5.63788773402056,12.1320024313974
"49","Carmacks",1991,36.1558637391787,44.7493767221042,56.7209932414177,3.26308639196259,4.65676149482613,6.63380067834449
"50","Lower Mainstem",1991,31.4923727608269,38.2237594314043,48.1982301115579,9.9437854410762,11.9628459299116,14.3702041945981
"51","Middle Mainstem",1991,56.9658037322887,69.7941247590453,85.6701270028477,7.94906228485388,9.97665196721834,12.6798711943429
"52","Pelly",1991,24.371676598882,29.8682031787591,37.876553989278,6.72913368870778,10.1323562678603,15.2827644899094
"53","Stewart",1991,15.1930786201287,19.2494121810998,24.1756092409403,2.7723962262415,4.18165098223085,6.2040323485577
"54","Teslin",1991,19.2284987871507,24.0721818420909,29.9676962620702,3.30360323453717,4.71354571490285,6.75297564959066
"55","Upper Lakes and Mainstem",1991,17.6828710966577,21.8759963234636,28.0511383922925,6.58587625879508,8.23988031013072,10.2704109698846
"56","White-Donjek",1991,17.0330026697504,21.1563176978501,26.1797054814352,3.38930333466056,5.72660814774874,9.58536654376418
"57","Carmacks",1992,9.81631882116566,12.990998909931,17.2938204469145,5.61170729467205,8.57321267034217,13.1181182913998
"58","Lower Mainstem",1992,4.81386775082354,6.78265953471848,9.42689463084441,4.22649320212766,5.65657676382728,7.56819357098151
"59","Middle Mainstem",1992,7.90632550212015,10.9354366774936,15.3074170421434,8.13157222011343,10.6688029367771,14.2347568801081
"60","Pelly",1992,9.49184797634812,12.3494182298745,15.5056107305658,5.89976714399781,7.92511230076731,10.7113958657918
"61","Stewart",1992,7.63622818963704,9.90844087905448,13.2948760581355,3.11133437981051,4.95068931945234,7.92165735689601
"62","Teslin",1992,7.92653932559681,10.2375352029555,13.0318310836659,5.39170665342438,7.35688473422784,10.0464859886098
"63","Upper Lakes and Mainstem",1992,2.77612426024361,3.87989040042811,5.30875572696208,7.16984690401753,9.01572754624112,11.2328136913058
"64","White-Donjek",1992,6.46876117172072,8.41045972599362,10.9831624341168,1.90081250196129,2.92542175372706,4.49549149413761
"65","Carmacks",1993,17.6203017261185,21.6501863232715,27.3219737992264,3.31352286953455,4.62267603369275,6.41755369975872
"66","Lower Mainstem",1993,13.672151574344,17.378239288545,22.2163618042443,9.06422496112878,10.915129713996,13.1424430919276
"67","Middle Mainstem",1993,15.5311720808407,19.6421279053812,25.1160345892843,6.20653219047942,7.80916388347329,9.74550515513674
"68","Pelly",1993,17.4813857257897,21.579754162995,26.6752107963313,4.71506223772099,6.52038011936285,9.02760695332946
"69","Stewart",1993,11.2486961362684,14.1553358353486,18.0056010327878,2.09186309514956,3.30682209099774,5.28355395986402
"70","Teslin",1993,14.506338855366,17.7450541754822,22.1232964065972,4.24665037199358,5.87713036419461,7.98810606073936
"71","Upper Lakes and Mainstem",1993,9.22086064065376,11.5572372080901,14.9309380558269,2.25826296776313,3.01684639569632,4.03775016676373
"72","White-Donjek",1993,12.4955666615999,15.4335679530158,19.3651620387109,5.06986707714403,6.56028276565073,8.58525445927726
"73","Carmacks",1994,8.97282524967355,10.9862511687661,13.7596375062582,4.3394320726318,5.74165639089169,7.64910949960985
"74","Lower Mainstem",1994,9.53073761125555,11.9630555261541,15.0256778976989,11.8923313806727,14.2192436888614,17.0347787799192
"75","Middle Mainstem",1994,16.4088118493636,20.2860350448872,25.689916542665,5.62848676493062,7.31330031317499,9.45190176049742
"76","Pelly",1994,9.53591603164502,11.9625051309324,15.0021303102856,4.54367767330738,6.04701157358966,8.18045804052941
"77","Stewart",1994,3.82220589032914,5.05039384910326,6.42637641498834,2.58516592549393,3.79157604154516,5.56814304048332
"78","Teslin",1994,7.75842330243166,9.80810615415305,12.4047244937628,2.45062313812144,3.76550565817446,5.73419972738875
"79","Upper Lakes and Mainstem",1994,7.45613779046888,9.34992691366164,12.0053197349876,3.81556583145536,4.84455839209581,6.14130990234459
"80","White-Donjek",1994,6.93937063215362,8.6432512135051,10.8390628546446,3.92503165820748,5.4467569118486,7.67300565920415
"81","Carmacks",1995,6.99810340553273,8.71380686074071,10.7968723382798,5.90128714848987,8.1878985453767,11.3793568321919
"82","Lower Mainstem",1995,10.899612763135,13.3180016026138,16.3408576025968,6.57401356957973,8.38860917588221,10.6318161533168
"83","Middle Mainstem",1995,34.4865919528491,42.7287705862168,54.0186809446392,18.9878206006578,22.316027497017,26.200425926288
"84","Pelly",1995,9.99562597675734,12.3952266799237,15.3293600119543,5.46537433703282,8.40865261969108,13.0895858834371
"85","Stewart",1995,4.24509642468309,5.36454577024693,6.70957098052439,4.36268232803102,6.01190410009022,8.27011151178166
"86","Teslin",1995,14.168613080984,17.8725798956853,22.4093795447686,5.75780309017727,7.9284891822244,10.7819404128768
"87","Upper Lakes and Mainstem",1995,13.2227320665023,16.9668650718466,22.5576422661675,5.93554853239191,7.29449423992335,8.96127933836219
"88","White-Donjek",1995,6.33456289858715,7.99203888116699,9.88107762068352,2.46240645756988,5.72672495893565,12.5218054000724
"89","Carmacks",1996,7.15757870094892,8.88569671468572,11.3561732776483,7.31981617280186,9.17698859265366,11.472258479533
"90","Lower Mainstem",1996,11.6800636162591,14.3646192719971,17.6788734678144,9.55985042555144,11.5186595897284,13.8100073517605
"91","Middle Mainstem",1996,32.9012376046537,40.6113046647318,50.1548666706716,12.2697263652295,14.5250957840359,17.1457580729003
"92","Pelly",1996,9.00775801582164,11.1961979841162,13.8715151309572,4.64919216982259,6.24032473678881,8.41910712878086
"93","Stewart",1996,3.86730901131926,4.89338471757515,6.20370505766049,2.18855832163751,3.36244867413119,5.11866452728528
"94","Teslin",1996,7.05918411186872,9.24290693168353,11.9156635123548,6.36139594197432,8.2612960484843,10.854554705906
"95","Upper Lakes and Mainstem",1996,7.99972470388302,10.5345766781521,13.6488321653435,4.42046103192335,5.50709324479235,6.79942243884227
"96","White-Donjek",1996,4.89489449135509,6.29434155191554,7.88666200000681,6.92396731573987,9.01939630858011,11.7150205413001
"97","Carmacks",1997,9.59836183537769,12.0005074723774,14.9217646576339,12.3443435756998,15.38172876408,19.2164356634787
"98","Lower Mainstem",1997,19.6614830494182,23.7994867220242,29.4028769047658,9.21850119000592,10.6999149726162,12.4127954813224
"99","Middle Mainstem",1997,22.5972144709376,28.2465368792716,34.9747257720415,19.9757819461603,23.5248758063677,27.613454240351
"100","Pelly",1997,14.8586351784765,18.3392528920311,22.7307346492247,6.37000732900196,8.57390268521084,11.3686433996477
"101","Stewart",1997,4.4703654661227,5.69347532499006,7.2858424401429,3.53533813411276,5.32693826009102,8.09605978271599
"102","Teslin",1997,5.17891513007563,6.71743363808611,8.65974294797319,3.24612754682265,4.93230860743494,7.57233835396472
"103","Upper Lakes and Mainstem",1997,7.29784669812795,9.05227136089688,11.408298689542,5.21552700441642,6.43195040886081,8.02626715801343
"104","White-Donjek",1997,8.43731018671228,10.4117013564976,13.031458094339,2.91761209094498,3.99223743165325,5.44244169285611
"105","Carmacks",1998,12.7739485088821,15.8773096850991,19.8707154159298,4.2673684467333,6.7252360374464,10.2475359603024
"106","Lower Mainstem",1998,23.7580094048719,29.1073973047242,36.17292261067,1.1969490803375,1.89157161765881,3.00951563813033
"107","Middle Mainstem",1998,26.976984156781,33.1054928928918,40.9760158975111,1.44645983452471,1.9633443670433,2.6525124027135
"108","Pelly",1998,18.4894720891874,23.0369573796025,28.4272805469532,6.13551598366741,7.50400685599857,9.14407936174577
"109","Stewart",1998,7.21998337251066,9.19159878083782,11.9732913559432,5.68379057850025,7.76142476027272,10.4694946158684
"110","Teslin",1998,7.83468498675869,9.96707435829647,12.3596946228352,5.97721110903844,7.23997729454489,8.77314953614994
"111","Upper Lakes and Mainstem",1998,11.545252224617,14.3461458560649,18.0333637930253,0.688173512199274,1.0516447561098,1.59240404461423
"112","White-Donjek",1998,9.22139505677665,11.2408058320374,13.8941461074684,4.85581898988533,5.98057408014877,7.36556199173216
"113","Carmacks",1999,12.5893269855467,15.4229747321685,19.1929294916658,3.67648206471648,4.902224151998,6.49834075158278
"114","Lower Mainstem",1999,15.3134707080127,19.1745177932134,23.8803803095681,4.50001542176001,5.59010193098937,6.90903116350731
"115","Middle Mainstem",1999,18.5281256636594,22.410103960037,27.7562279573622,4.02756749446119,5.14077445842207,6.62539691586226
"116","Pelly",1999,11.6182237046025,14.3972195693203,17.9083349327413,3.82532104860321,5.03681027371339,6.65905055657529
"117","Stewart",1999,4.19635834538052,5.45510466676579,7.17191565331448,1.54867912276467,2.3499884731066,3.51528561399036
"118","Teslin",1999,8.9120124337691,11.1813206555065,14.4801416550692,2.73248622591334,3.80294947999323,5.29163818515417
"119","Upper Lakes and Mainstem",1999,7.73643904235469,9.63673670590451,11.9450853438834,3.07280120027168,3.92940504108217,4.99864384234138
"120","White-Donjek",1999,7.48793402829834,9.4323135414908,11.846339814969,2.29442168480754,3.28155358578871,4.74192462139031
"121","Carmacks",2000,17.3990563897501,21.115368261132,25.7764043584003,4.59220448496274,5.87045701528096,7.48544578854563
"122","Lower Mainstem",2000,16.0277163277279,19.4170631462051,24.0586078176122,5.60232532410599,6.71702596781385,8.02628132146021
"123","Middle Mainstem",2000,12.2006560640785,15.0918654223672,18.7788141363622,8.50542320778073,9.98976374568516,11.7383964656468
"124","Pelly",2000,13.6391475887502,16.7183335125387,20.7398942858719,4.57277859458122,5.8266131557113,7.39037250759962
"125","Stewart",2000,2.80498016868055,3.61715028220864,4.57080593616696,1.24441208704787,1.9658113377506,3.06133244252242
"126","Teslin",2000,7.57171561026682,9.5436099553141,12.0801241926789,2.55680153129235,3.59141526712189,4.95722150221734
"127","Upper Lakes and Mainstem",2000,4.68177834980264,5.89907184964051,7.34091566858886,3.10268951103929,3.82972988701606,4.74033703610645
"128","White-Donjek",2000,6.19783473969826,7.97028041589629,10.1213816081576,3.38601023569092,4.47717427438004,5.9338101823133
"129","Carmacks",2001,19.5744415236775,23.8041616216808,28.9241212085187,2.66785483194258,4.18701934805666,6.3027357725
"130","Lower Mainstem",2001,16.1791342653929,19.8768346903131,24.4527600551987,5.19536166474132,7.21969102946915,9.83057793862049
"131","Middle Mainstem",2001,8.96702336265488,11.0186802695888,13.4112715876274,23.7915152954203,30.3739325460896,39.4539262995658
"132","Pelly",2001,19.4439759291727,23.5399899964476,28.7317513881201,5.46417878302706,7.50071717779299,10.2116608210151
"133","Stewart",2001,3.94588531565966,4.88395547072586,5.98360629943821,2.21978980451391,3.27249395663981,4.85357668839426
"134","Teslin",2001,12.1978203515654,15.8940375945958,20.293751333056,11.235073692406,14.8679806963312,19.6816337867741
"135","Upper Lakes and Mainstem",2001,3.68025712529215,4.76488616955083,6.75306809635486,8.51346899050919,12.1989357639545,17.585906038084
"136","White-Donjek",2001,8.96163305522485,11.1714558554556,13.9725077749228,3.36116415383705,4.78282012921109,6.66482688217824
"137","Carmacks",2002,8.05767155539981,10.9345289681254,15.9628739928771,3.80002940593185,5.23958588211732,7.331754628273
"138","Lower Mainstem",2002,7.01432361115292,9.25478315727847,11.8266284869133,6.74063918064967,8.31924809961824,10.2246476118074
"139","Middle Mainstem",2002,7.42423308270978,9.09752309883267,11.1787483223601,21.667128386803,24.7816650914419,28.4757890334515
"140","Pelly",2002,9.44802701177862,11.9249589855086,15.0450018172921,4.09277593780933,5.36099904051435,6.96427343860997
"141","Stewart",2002,2.96215979037766,3.90025065725307,5.16440167116652,1.83629865111514,2.66636110528176,3.84311150456854
"142","Teslin",2002,9.93964584672324,13.9293693527007,18.9647581262428,1.60317611414038,2.98560582777658,5.30223601374784
"143","Upper Lakes and Mainstem",2002,2.90190627256252,5.23749073691006,7.40339785718745,2.60371543840335,3.37421719662575,4.38431685763712
"144","White-Donjek",2002,5.15808887907006,6.57324175586942,8.4348732225758,1.58161435471469,2.53964497974912,4.03398811774645
"145","Carmacks",2003,14.696236261822,17.8055352274405,22.7910607307673,5.67494283320946,7.25678722898711,9.32329240901892
"146","Lower Mainstem",2003,10.9210939047984,13.5324071322192,16.6184224769425,13.0044875236387,15.2471365969631,17.8215374168138
"147","Middle Mainstem",2003,9.1225467467823,10.7667140397772,12.7984159825609,9.17178310421373,10.9968482820625,13.3113083203395
"148","Pelly",2003,15.1139982579343,17.6332571499273,20.4661826920982,10.1261488110748,12.3745367110725,15.0933387271046
"149","Stewart",2003,5.9031336309693,7.09875333047556,8.6145569170789,2.15665479706926,3.24791667548498,4.75866675433818
"150","Teslin",2003,12.6583989491037,17.2310969716359,22.9373817095578,2.69509929604098,4.02456892308932,5.9156230929847
"151","Upper Lakes and Mainstem",2003,1.62634496598203,3.10370666762867,5.76786195265694,4.10576582172787,5.02639395852913,6.13424994261269
"152","White-Donjek",2003,6.45127833580709,8.49904777832324,11.440803768348,6.40475304446636,7.86950969742932,9.73427954367468
"153","Carmacks",2004,9.1408135712698,11.2908403254979,13.8686079116402,4.21900154918829,5.58378723331243,7.33431544041805
"154","Lower Mainstem",2004,3.67306737683969,5.30564969197867,7.53328810378682,9.59017179438619,11.4193957177083,13.6129895345929
"155","Middle Mainstem",2004,7.8329454701712,9.4385291791848,11.3769924914683,12.013492230439,14.1122957737602,16.6244731761264
"156","Pelly",2004,8.38638112840871,10.1668631847814,12.3442822748291,6.88282779881056,8.78287065078118,11.1569265945885
"157","Stewart",2004,3.29820447500488,4.15319351528573,5.25635729568312,2.74963649760273,3.88447906728285,5.64232758365457
"158","Teslin",2004,9.50332071745501,12.2457103463928,15.4516004150366,2.70851549945784,3.91539492639275,5.77744615766292
"159","Upper Lakes and Mainstem",2004,2.65569005436807,3.72848228833821,5.68617006045196,5.51914897532469,6.74440469772949,8.17267106356796
"160","White-Donjek",2004,3.15000172542335,4.70813812487295,6.78143776116959,2.09036415782482,3.21837512035857,4.88720671756697
"161","Carmacks",2005,14.8338836014382,17.8985362658893,21.3390790447971,9.13094350667811,10.9671901118047,13.126062112152
"162","Lower Mainstem",2005,6.44844142747202,8.75188356133416,11.7145778302108,9.43136694302328,11.3977802728721,13.7494048481167
"163","Middle Mainstem",2005,13.8629886421527,16.0383378503086,18.9274397532936,13.7872795601254,14.133135252293,14.493745845685
"164","Pelly",2005,9.3780754857236,11.2205943650068,13.6761135418187,6.84895902884233,8.45759623481576,10.5089600338685
"165","Stewart",2005,4.30947662911744,5.2686377276567,6.54687479018589,2.03714435823436,3.0305456468208,4.4306705774359
"166","Teslin",2005,6.79966077016216,8.93228395144785,11.4706718272272,6.61826592488186,8.35677146580229,10.5965592148092
"167","Upper Lakes and Mainstem",2005,5.78411440326615,7.49718393693407,9.38180978948714,5.47597815049574,5.66213762399403,5.85416556363422
"168","White-Donjek",2005,4.79476387596834,6.47459184648578,8.97232513894902,5.17442880870827,6.88166779005739,9.06223213516874
"169","Carmacks",2006,8.39808422412966,10.8087472078542,13.6235685845798,16.1792178903734,18.0048799174811,20.0172853951882
"170","Lower Mainstem",2006,4.16380206333566,6.96234724411518,10.2161761649768,13.6050327445767,14.2989410967265,15.0445838353444
"171","Middle Mainstem",2006,11.0008841606798,12.8004054250013,14.8690822376341,6.41550140644906,6.67005657358368,6.93702137280598
"172","Pelly",2006,6.51617293388669,8.16057527983948,10.1494614785101,11.1685399493478,12.8836940043992,14.877470572961
"173","Stewart",2006,2.5533286861868,3.3103406292616,4.2211061014403,1.37473738470536,1.54345024415235,1.73301787882646
"174","Teslin",2006,4.48097732123565,5.85192222637428,7.74101757958505,2.95625757016848,4.64095670836589,7.40639127927273
"175","Upper Lakes and Mainstem",2006,2.73799059704788,3.93992313932886,5.58151789326814,2.13985183876839,2.26293452198899,2.39548628716073
"176","White-Donjek",2006,2.51200665996431,3.63413783905457,5.2287837991032,2.33922077234697,3.92441996127827,6.56967074354051
"177","Carmacks",2007,7.84608676651944,9.58862474097136,11.63479871422,4.99285485160935,5.29280789821697,5.59782133976474
"178","Lower Mainstem",2007,3.63017690409974,6.29071225300118,9.83227820065404,3.15606184453103,4.50235327788901,6.42426789873748
"179","Middle Mainstem",2007,6.9094938648279,8.02341665694907,9.30480743567042,2.08756278946668,2.23188685438417,2.38387292373901
"180","Pelly",2007,3.84622570224629,4.9466846716999,6.27934616529341,7.4534243394259,8.80671960381265,10.4588434561243
"181","Stewart",2007,0.850369858455727,1.29156932208563,1.90663286332062,1.93364299029095,2.31550778767127,2.77253295938572
"182","Teslin",2007,7.6514138286827,9.74023597818103,12.1315185497996,6.04452568928235,6.44600686329215,6.87265271708641
"183","Upper Lakes and Mainstem",2007,2.2198279089912,3.20929752728141,4.45784239304977,1.1965888883412,1.27131733588907,1.35062551369513
"184","White-Donjek",2007,1.7240785788271,2.65364071018894,3.92724174121355,5.5426800858803,5.83600763435816,6.14326522257202
"185","Carmacks",2008,6.6105351304518,8.39811236557098,10.4340157759297,2.42163015203794,6.30641671463648,14.696301894417
"186","Lower Mainstem",2008,1.08017828424991,2.22883385103806,4.37480415911767,4.03522434589543,4.63455548426718,5.31906047833543
"187","Middle Mainstem",2008,10.0497045927819,11.2268750566034,12.669760812214,6.82681063241271,7.14745024285641,7.47977629481575
"188","Pelly",2008,3.56377804091172,4.60633812352749,5.7595126882392,3.69190426784539,4.20356677192224,4.78715188401459
"189","Stewart",2008,1.55641520486848,2.15413065591082,2.82113104962331,2.30461293810246,2.40655153374649,2.51350897017158
"190","Teslin",2008,5.76440342427276,7.45280742516857,9.34347484937083,5.08081383905471,7.51968587943412,11.1903194492972
"191","Upper Lakes and Mainstem",2008,3.3172843947114,4.53087124967966,5.93086734012115,3.58387443563759,3.73759280033301,3.89216790839235
"192","White-Donjek",2008,1.31994130147906,2.15446578989,3.41074422091963,1.32655713212744,1.78558618090363,2.40406344940711
"193","Carmacks",2009,13.4017262766968,15.3141051849183,17.2983924213969,12.6413746249065,13.0909856045919,13.5395838561751
"194","Lower Mainstem",2009,7.74664946730087,9.77971480322319,11.8485091877429,6.15806470559388,7.59691558828228,9.3512335913189
"195","Middle Mainstem",2009,15.6494489158595,17.1790581394581,18.6779750445324,5.28991593452,5.50853483828023,5.73727809880837
"196","Pelly",2009,12.3868913612564,14.1871058745367,16.1727532274833,12.0471241749791,13.3854851528578,14.8202724979565
"197","Stewart",2009,4.31518221856622,5.02815878807088,5.90354512307717,4.84310826593102,5.08773437266317,5.3453940649937
"198","Teslin",2009,5.8901636911635,7.02094326634886,8.3828818967673,8.81390940277905,12.0146129531022,16.4922623062309
"199","Upper Lakes and Mainstem",2009,4.77455603419233,5.94803017404629,7.27750313436435,1.43017628329385,1.50255139138299,1.5753777688404
"200","White-Donjek",2009,6.40999883190084,8.20688627107401,10.5027949509952,3.31238236973771,5.52654671414318,9.22580943196431
"201","Carmacks",2010,10.2800802142652,11.9856246230135,14.1731225648579,4.90350908557142,5.55446046627532,6.27387927736851
"202","Lower Mainstem",2010,3.90100942864601,6.05017225145059,8.68680170664049,2.80413211398554,3.8598439591397,5.32371603968756
"203","Middle Mainstem",2010,10.5259154234352,11.603608155771,12.6265839006644,7.11320508590232,7.69593351007875,8.31021837866938
"204","Pelly",2010,6.02777298750363,7.36325008759631,8.8675546307955,3.34583867568489,3.93414056027588,4.61099707190459
"205","Stewart",2010,2.10455173247796,2.85124004062921,3.69303618024382,1.72448191445654,1.92459633786551,2.1515917897996
"206","Teslin",2010,3.18863339232123,4.19043330123479,5.56249107455903,2.45986947043438,3.03340365624423,3.72974998385139
"207","Upper Lakes and Mainstem",2010,2.99252964693699,4.0010342655844,5.13928627764351,2.20867230091071,2.31639915077734,2.4308865538218
"208","White-Donjek",2010,4.07472155741097,5.7602951765595,8.17421431132858,2.81571088455279,3.82072476674144,5.16632492182592
"209","Carmacks",2011,16.3642266949679,18.9159523222869,21.8728858726041,9.61147985022658,11.2694982562197,13.2290960430979
"210","Lower Mainstem",2011,17.5230850686081,21.9691148444542,26.7291656089403,2.46438777928184,3.24063498702624,4.23411507213216
"211","Middle Mainstem",2011,10.1539151402457,11.2965273288986,12.5302571400996,9.16780806342486,9.41402020019492,9.66322566172506
"212","Pelly",2011,10.8077243887551,13.0110128110279,15.9037527962519,5.16808263402806,6.31025397173829,7.72567986278954
"213","Stewart",2011,6.93700861673536,7.99850065566651,9.17250171682169,2.38442666339099,2.48625202641481,2.59978939747291
"214","Teslin",2011,16.5334768636497,19.3846100107336,23.1071908388374,5.40982579602785,7.11899071595112,9.41659685135533
"215","Upper Lakes and Mainstem",2011,3.65683814048954,4.38215405019457,5.27291131242174,4.68911536611226,4.85124462219696,5.01683621855717
"216","White-Donjek",2011,11.4865908359838,15.3647861193917,19.7253789585839,1.78927623926321,2.89508348796352,4.6258208381393
"217","Carmacks",2012,13.6141121845382,16.1482619156503,18.869310709534,5.04127575780251,5.62127907412862,6.27551435932272
"218","Lower Mainstem",2012,11.0676193964542,14.5051994567874,18.4855150975763,6.79683480600611,7.319442529122,7.90874663956692
"219","Middle Mainstem",2012,11.8354253975104,13.4871570997823,15.4106820914779,6.42310711921221,6.67850149227062,6.93306172107266
"220","Pelly",2012,10.0699449354693,11.9069554413236,13.8749702054553,3.26984658105796,4.34417753789601,5.69971915674023
"221","Stewart",2012,4.22816038834082,5.34689228425866,6.57150038550112,1.80256112337948,1.99805718147536,2.21703004810299
"222","Teslin",2012,8.68903946996017,10.7286511808856,12.8582935498789,2.94334834778601,3.76795792483481,4.81678170776182
"223","Upper Lakes and Mainstem",2012,3.33753382134828,4.16531416307144,5.11993369625514,2.07048265210804,2.19977702133943,2.33168210490198
"224","White-Donjek",2012,7.30345255247783,10.4249122992648,14.4172343341408,1.16840262631623,1.81716701564879,2.74546059229559
"225","Carmacks",2013,13.6015548439508,16.8422584245407,21.7175817326865,6.13219853552119,6.50446838904434,6.90241490217118
"226","Lower Mainstem",2013,8.461754664052,11.4887816310574,15.9554931026167,1.1517285438014,2.28232928023882,4.37474334021352
"227","Middle Mainstem",2013,13.2625104941934,15.8360888519539,20.5062477703217,5.02716561211852,5.24190071257904,5.46403518758723
"228","Pelly",2013,8.44333501045064,10.3750916942204,13.2492716814139,2.88789020762487,3.55787974562095,4.35448921264018
"229","Stewart",2013,2.69880662119219,3.53522144976226,4.61730329650871,0.318692783587147,0.421250254249463,0.559749445620767
"230","Teslin",2013,6.844261053969,8.8505777423923,12.6446330911879,8.28811658407034,9.43854227037671,10.7134965878261
"231","Upper Lakes and Mainstem",2013,4.36185488549617,5.39159222724954,7.47402065250948,2.06761591237125,2.15900474625149,2.24983473206322
"232","White-Donjek",2013,4.69279177020559,7.0317060664555,10.6995316779828,0.802515893193273,1.46775507385009,2.58633112065408
"233","Carmacks",2014,14.5007843212083,22.8241959684525,38.9195630679265,9.43338815192106,11.1413139116941,13.0715428032185
"234","Lower Mainstem",2014,6.57096011886031,11.6742136334227,25.9576470848673,1.61205362437699,2.45674404599334,3.61014966402399
"235","Middle Mainstem",2014,13.920332056871,23.4158287309973,43.781221973128,15.5756324711641,17.100614332151,18.8158274472504
"236","Pelly",2014,12.2029423260299,18.9791244842634,32.7569164159101,7.77402228268354,9.59197008707083,11.8555906955006
"237","Stewart",2014,5.55568477209377,10.2829102464617,21.7694383068098,4.30090094674937,4.78703432049524,5.34992400880362
"238","Teslin",2014,7.84999454765532,12.271208900939,21.5609696830726,5.0721170282464,5.97665950557325,7.06316395863145
"239","Upper Lakes and Mainstem",2014,4.5909037970685,8.0258539628288,15.7654012585304,6.52382104773864,7.03499026401268,7.61524814688199
"240","White-Donjek",2014,7.52947461920132,13.4835723919846,26.9587819394323,4.42961444209403,6.20057994545282,8.67440012282029
"241","Carmacks",2015,6.02730977367366,13.090982899962,34.1584070405,18.6618522096436,19.1415678506249,19.6364199047151
"242","Lower Mainstem",2015,4.42701425739103,15.6831289476022,58.4330147637301,10.9746100063953,11.8589546647169,12.869223426681
"243","Middle Mainstem",2015,7.7585666179205,21.0891094345041,59.0761735559742,17.8208446931907,18.2212793082127,18.6233629519418
"244","Pelly",2015,10.6382484086998,21.8045901353802,44.4272040210898,11.5294031170692,12.4776957066778,13.5117196120949
"245","Stewart",2015,3.04785200683599,7.94146091068922,21.1776760713953,3.73975785273222,3.91458290681568,4.10352523274112
"246","Teslin",2015,5.4736735824699,11.9794345193455,28.5985539872778,4.94902420608353,5.72704585025501,6.62615384753007
"247","Upper Lakes and Mainstem",2015,3.20895588038955,9.27777277638247,28.422347015966,4.76303252469786,4.93893932088278,5.11642352233559
"248","White-Donjek",2015,5.7630171626991,13.0566819585776,33.0157672608727,5.66281325039085,6.72663230382128,8.01434891424998
"249","Carmacks",2016,NA,NA,NA,7.83301647213531,9.96869657315884,12.6181456059617
"250","Lower Mainstem",2016,NA,NA,NA,11.3660315474712,14.5601405773221,18.5127089048784
"251","Middle Mainstem",2016,NA,NA,NA,5.68991251956704,6.05442037861516,6.44380643849638
"252","Pelly",2016,NA,NA,NA,5.3788261581775,7.96854807712856,11.605714987605
"253","Stewart",2016,NA,NA,NA,4.64511091553563,4.90746810819059,5.19322297082991
"254","Teslin",2016,NA,NA,NA,5.55856980441038,8.18572043913287,11.8032801053707
"255","Upper Lakes and Mainstem",2016,NA,NA,NA,2.81275410193583,2.95249608220105,3.10417651204567
"256","White-Donjek",2016,NA,NA,NA,6.28311910348688,9.07194706246701,12.9808251357821
"257","Carmacks",2017,NA,NA,NA,12.3282450188953,13.283535195937,14.2943485982766
"258","Lower Mainstem",2017,NA,NA,NA,10.1423421798404,10.6116394997547,11.1100129205815
"259","Middle Mainstem",2017,NA,NA,NA,7.21397345153617,7.4464906962568,7.69432931510023
"260","Pelly",2017,NA,NA,NA,7.83850772109984,8.90075352480559,10.0740659267125
"261","Stewart",2017,NA,NA,NA,3.28549950737047,3.54637944149334,3.8266503458461
"262","Teslin",2017,NA,NA,NA,11.7967238957663,12.5794852362504,13.4367274319814
"263","Upper Lakes and Mainstem",2017,NA,NA,NA,2.69458175735264,2.8009791788131,2.91122338722232
"264","White-Donjek",2017,NA,NA,NA,9.91949407159945,10.3602557536522,10.8179583545937
"265","Carmacks",2018,NA,NA,NA,9.63515354130827,11.6823149316013,14.0758735813587
"266","Lower Mainstem",2018,NA,NA,NA,10.0742712479653,10.3915063339303,10.7106185427006
"267","Middle Mainstem",2018,NA,NA,NA,10.5379274651279,11.133629145079,11.7551732233048
"268","Pelly",2018,NA,NA,NA,5.24307030222722,6.20038251197564,7.35156967273005
"269","Stewart",2018,NA,NA,NA,3.64276791838392,3.86097372349418,4.08130270229966
"270","Teslin",2018,NA,NA,NA,5.31107507912519,6.27802422307595,7.40100703789507
"271","Upper Lakes and Mainstem",2018,NA,NA,NA,2.75034465697499,3.26388600922327,3.87223947391434
"272","White-Donjek",2018,NA,NA,NA,1.93055778414999,4.57886989242331,9.45346203689541
"273","Carmacks",2019,NA,NA,NA,7.41213247702076,9.12635051036819,11.1612792660458
"274","Lower Mainstem",2019,NA,NA,NA,2.36349363886335,3.5067933903316,5.26005114554152
"275","Middle Mainstem",2019,NA,NA,NA,8.15427961908332,9.06706553899639,10.0856684898792
"276","Pelly",2019,NA,NA,NA,6.3331765776249,7.4396168470471,8.81860045666825
"277","Stewart",2019,NA,NA,NA,2.17500740101166,2.5185021804474,2.90472777917715
"278","Teslin",2019,NA,NA,NA,4.13183619256961,5.03527022687315,6.11741835779982
"279","Upper Lakes and Mainstem",2019,NA,NA,NA,3.01438146141943,3.4132047362161,3.84333532429815
"280","White-Donjek",2019,NA,NA,NA,3.35491768460324,5.11623950387562,7.73590063369375
