"","mean","sd","2.5%","25%","50%","75%","97.5%","Rhat","n.eff"
"alpha[1]",1.61866256206898,0.227962281432842,1.16260315643671,1.47114359394814,1.62044074021993,1.76755350367083,2.06458587443971,1.001087349887,11000
"alpha[2]",1.44213976875972,0.290237566133506,0.871212288438169,1.25176477706345,1.44215868579624,1.63319344374555,2.01961224136791,1.0009336902697,15000
"alpha[3]",1.71503857145399,0.186512664692194,1.34840373673958,1.59169795763141,1.71411621927455,1.83711845388567,2.08527058339327,1.00101145020468,15000
"alpha[4]",1.35526662319846,0.219335437660809,0.921013693439501,1.20960535970197,1.35697028345358,1.49744315072272,1.78871419994969,1.00103381129089,15000
"alpha[5]",1.60288438598929,0.155319993033819,1.28876288655165,1.50249843937871,1.60413888162019,1.70379716550204,1.90982677364786,1.00106709305641,12000
"alpha[6]",1.47245569016497,0.219972382812681,1.04115355898326,1.32468195246108,1.47168036322601,1.61732870173319,1.90773497559907,1.00130425013927,4900
"alpha[7]",1.81043996089786,0.241018492083232,1.32411495743105,1.65342437959382,1.81782304439924,1.97377752638721,2.26038585044243,1.00093978221623,15000
"alpha[8]",1.72335436365035,0.225695292226595,1.26613828061669,1.57563050246652,1.72592442932308,1.87403930595651,2.1635874650699,1.00109400817706,10000
"beta[1]",0.137759344389916,0.0329720367090843,0.0726308188083213,0.116118229789686,0.138081279251109,0.159381308363422,0.201826473294902,1.0011132839709,9300
"beta[2]",0.123584825027933,0.038081210949759,0.0483951976185025,0.0981446235309831,0.123578332018772,0.149113527514071,0.198440040212829,1.0010151700643,15000
"beta[3]",0.116724810603523,0.0198515397791741,0.0774980340634487,0.103562461207796,0.116754091803947,0.12971305015025,0.155780567797087,1.00091462679291,15000
"beta[4]",0.0759117805969398,0.0246802975104015,0.0267064281051051,0.059329334482316,0.0758827823532001,0.0922715075551069,0.124310118098449,1.00096983918026,15000
"beta[5]",0.163315695935745,0.0256918477014464,0.112054531142164,0.146503869861015,0.163331550456884,0.180398382432188,0.213722364164432,1.00099894858776,15000
"beta[6]",0.0800126382735802,0.0201641901624777,0.0404087972747074,0.0668297434458293,0.0800572301226297,0.0931340555080171,0.119822667039401,1.00127300635338,5300
"beta[7]",0.263643516011512,0.0556185875577075,0.150011157467309,0.227346777898624,0.266023763225765,0.301426213190142,0.368151646328946,1.0010080153045,15000
"beta[8]",0.182987942319552,0.0381905730937799,0.105810957988906,0.157504921205132,0.18344147700976,0.20864225501392,0.255933989655623,1.00099503839627,15000
"coef[1,1]",-0.0867220109352421,0.0586251876434487,-0.224173003415733,-0.118804717183868,-0.081511818717412,-0.0477667050090355,0.0144537600600751,1.00092101422715,15000
"coef[2,1]",-0.0728191216482015,0.064698146306891,-0.213807170731242,-0.10714686835113,-0.0701679391630445,-0.0356977846557087,0.0505128423275826,1.0009060663652,15000
"coef[3,1]",-0.0757556585131606,0.0558431040370846,-0.19765778808573,-0.107397659975694,-0.0729277792887793,-0.04094237401054,0.0303907364708639,1.00114431840265,8100
"coef[4,1]",-0.0584662237776049,0.0482410802114222,-0.151420004188578,-0.0887600679353749,-0.0598579505408772,-0.0294273113354596,0.0417734290598447,1.00097395710301,15000
"coef[5,1]",-0.0546707417340955,0.0509233823417861,-0.149925894139959,-0.0875596745904172,-0.0569125290333339,-0.0242083592130837,0.0554173306556934,1.00112404487617,8900
"coef[6,1]",-0.0561269858111544,0.0516755359349882,-0.152722747278168,-0.0884846910902162,-0.0583688461616838,-0.0255271773616285,0.054376267969399,1.00091366846465,15000
"coef[7,1]",-0.0815923819998077,0.0627074179604655,-0.225996431470019,-0.113700527737503,-0.0765196868538737,-0.0427654590585852,0.0300840753150047,1.00124177584959,5800
"coef[8,1]",-0.0671695026049513,0.0511199981769567,-0.171097030635367,-0.098084649868998,-0.067072648819627,-0.0357948629725942,0.0351724938551288,1.00104084133394,14000
"coef[1,2]",-0.0470924843133948,0.0552955921982305,-0.155777160589006,-0.0806961740054413,-0.0479997644359978,-0.0148395837850268,0.0691252056627575,1.00099031422848,15000
"coef[2,2]",-0.0542734151905127,0.0638126404049766,-0.189515227944907,-0.0897204867413911,-0.0527701204151751,-0.0170696132102621,0.0728161122401826,1.00116842279771,7400
"coef[3,2]",-0.0643738390659444,0.0572548547019243,-0.191085181266461,-0.096632757390486,-0.0606931956154492,-0.0281762337826722,0.0394776987333221,1.00113237002915,8600
"coef[4,2]",-0.0592310515432279,0.0481119498354486,-0.159715591330888,-0.0887100562147624,-0.0574748813938156,-0.0282892453395632,0.0323695558339674,1.00098437799402,15000
"coef[5,2]",-0.0619755312326172,0.0506744124252215,-0.170126007007387,-0.091698185360989,-0.0597437085992727,-0.0291843979946871,0.032830021627732,1.00111439118508,9300
"coef[6,2]",-0.0353248431110716,0.0534392721623548,-0.13165064082231,-0.0698198685842675,-0.0389289065322636,-0.00476202679666849,0.0838396809051647,1.00112102931529,9000
"coef[7,2]",-0.0483975214400389,0.0593154741492596,-0.165964657280195,-0.0833281516138648,-0.049073696797741,-0.0147352195823218,0.0746981715214687,1.00103009088056,15000
"coef[8,2]",-0.0337956989668017,0.053180761079673,-0.131943480469787,-0.0684957878386372,-0.0371946214283395,-0.00272387789825219,0.0820704069063511,1.00106093283209,12000
"deviance",406.75158251253,8.58224911810603,392.204886849125,400.619462390861,405.998497282023,412.10467130566,425.370987682987,1.00096940410679,15000
"pred.rec[1,1]",11.1444725055057,1.69948209952305,8.12414492901567,9.97294917015831,11.0242161539106,12.1792143099545,14.8303072640497,1.00093873906095,15000
"pred.rec[2,1]",10.8831809320667,2.29793378702704,7.08128162737423,9.29487906170139,10.6415549203067,12.2154170694039,16.0735801692009,1.00095661191807,15000
"pred.rec[3,1]",15.38721689814,2.33104872565097,11.2430649328342,13.7718775900036,15.2256919695168,16.7925420995256,20.4505629044534,1.00137862769744,4200
"pred.rec[4,1]",15.4559114761394,1.69215012349501,12.4328962984973,14.2882111771151,15.3701070305467,16.5005099292068,19.0019172542281,1.00130258450811,5000
"pred.rec[5,1]",10.4755710156217,1.2176129068446,8.27204683600488,9.6431549614351,10.4079418411512,11.2173764586578,13.1143607079693,1.00107502639727,11000
"pred.rec[6,1]",19.5347919856583,2.31497097310318,15.3672099838925,17.9458873734267,19.3905261754825,20.9595871298325,24.5294209899808,1.00097380737653,15000
"pred.rec[7,1]",8.35658541377834,1.4169508456755,5.90474743736237,7.38120304104579,8.23469753094664,9.20783797921939,11.4735778560079,1.00098490280613,15000
"pred.rec[8,1]",9.80132748123184,1.41110343137555,7.30466028236066,8.84231730905074,9.71877520804421,10.6382796144593,12.8456077238342,1.00126397616356,5500
"pred.rec[1,2]",14.5019212973984,1.7047386682281,11.4342226009175,13.3155998419018,14.4026150649208,15.5590401379506,18.1840195757369,1.00090058032186,15000
"pred.rec[2,2]",13.7848004186873,2.68384790116077,9.29468459946909,11.9301586543607,13.5096965623531,15.3526231658608,19.7664073024274,1.00090001584354,15000
"pred.rec[3,2]",19.0719095993971,2.29276137952867,14.9177089253653,17.5076850100885,18.928581808201,20.4934365709684,24.0212582251628,1.00099817017881,15000
"pred.rec[4,2]",19.3615442974122,1.74229398721211,16.1575193496924,18.1816875590775,19.2814415208611,20.4681172667839,23.0151228876437,1.00109056375137,10000
"pred.rec[5,2]",11.7988317377044,1.08191726478656,9.80539421927628,11.0588917213854,11.7578681449283,12.4678084357767,14.0981479431357,1.00096171188704,15000
"pred.rec[6,2]",21.2410813323124,2.42981187457238,16.914756202008,19.5738388614986,21.0710047166006,22.747596652848,26.3873001027073,1.00092566719554,15000
"pred.rec[7,2]",8.78930471494611,1.38070975876646,6.35477698982129,7.833627636921,8.6890943879986,9.64827251533483,11.7977282293972,1.00093126272458,15000
"pred.rec[8,2]",11.7045579838709,1.2480612820616,9.39729656676844,10.857310223489,11.6485495872164,12.4680040361051,14.3532708604959,1.00114885960504,8000
"pred.rec[1,3]",13.4488963070383,1.98321961306099,9.95382895244763,12.097249850274,13.2992845020517,14.605633167663,17.9020021750548,1.00094131939217,15000
"pred.rec[2,3]",12.7234072159363,2.58694296216864,8.43579547176781,10.9090068066278,12.4696061843308,14.2266892978123,18.5882292965323,1.00091219571218,15000
"pred.rec[3,3]",18.6984882690152,2.57791717412428,14.1167870615936,16.936349799536,18.5126173124391,20.256201502079,24.2782404340033,1.0009547655853,15000
"pred.rec[4,3]",18.5223331235064,1.84390558718217,15.1223053206384,17.2669924807248,18.4319950367072,19.6800755832637,22.3483733295685,1.0010253397289,15000
"pred.rec[5,3]",10.6716322609486,1.23460064440794,8.41679911938803,9.8317710691965,10.6239756938856,11.4284177724825,13.3069148566276,1.00104928872126,13000
"pred.rec[6,3]",17.7698659358358,2.49492926002612,13.3341790634585,16.0436222649265,17.6075035459993,19.2711196146766,23.2608454447528,1.00116710102943,7500
"pred.rec[7,3]",7.46490634115868,1.4420901143385,4.99225397411959,6.45034279900126,7.34483671130985,8.35646800046813,10.6469912612085,1.00102797474043,15000
"pred.rec[8,3]",11.4473509562587,1.56493469731331,8.64174042067983,10.3581324407479,11.3556622394622,12.4257077707187,14.8274187747185,1.00110323122388,9800
"pred.rec[1,4]",12.939603534028,1.85081672595641,9.70969853650454,11.6768555137694,12.8057634184296,14.0454747573597,16.9838502065167,1.00102506446584,15000
"pred.rec[2,4]",6.97603046247566,1.78692865409611,4.12371056314335,5.72275908738395,6.7535917522084,7.98076094071734,11.1046490137114,1.00089970703672,15000
"pred.rec[3,4]",15.4337670293692,2.17416633667614,11.6137332678967,13.8970721023826,15.2972499060491,16.7366425325895,20.1821226725789,1.00091961795423,15000
"pred.rec[4,4]",18.3748736570336,1.92899271346836,14.9080879379887,17.0666398979341,18.2657775779279,19.5692207702013,22.5269647990241,1.00107334050021,11000
"pred.rec[5,4]",11.1444031765102,1.23105280156899,8.89564634761437,10.3091490923236,11.0831826544984,11.917913023971,13.7409601881962,1.00110782670964,9600
"pred.rec[6,4]",17.3473174864253,2.24781428187557,13.3623151262205,15.8020337459683,17.1951468649212,18.7279391999303,22.1481133416892,1.0010333171866,15000
"pred.rec[7,4]",4.37965624928583,0.940770036250647,2.78520483307689,3.71283623192493,4.31465597037105,4.95340566207872,6.43343680085021,1.00094452832189,15000
"pred.rec[8,4]",10.9188766904226,1.43266211824016,8.35413588580307,9.93540330000897,10.8331887046841,11.8130920102567,13.9568046135853,1.00103946813283,14000
"pred.rec[1,5]",14.4428657491051,1.87751369059196,11.1056836879565,13.157382620217,14.3142854238232,15.5621555228235,18.5701698471736,1.00091485425259,15000
"pred.rec[2,5]",7.72509656273213,1.90562738286425,4.68590912112078,6.39686231352538,7.49240744177114,8.79458198813525,12.1509616677509,1.00095520748709,15000
"pred.rec[3,5]",11.9615944134225,1.99268339238831,8.51515060641027,10.5720687308369,11.782537699545,13.1605590120675,16.3706925518041,1.00098948826545,15000
"pred.rec[4,5]",20.9573606190161,3.08519340202061,15.5672057874365,18.8210336528196,20.7162455277575,22.8456508829774,27.7468769063531,1.00094199891446,15000
"pred.rec[5,5]",12.1890277271701,1.40366848727841,9.65164386537874,11.2188361483998,12.1026724363067,13.0706793918889,15.1641869987359,1.00090287316471,15000
"pred.rec[6,5]",21.4166138817953,2.28231241386949,17.2895920284306,19.8556046517767,21.3085544330294,22.8374144837229,26.2247833059973,1.00092468726373,15000
"pred.rec[7,5]",3.92681134677578,0.876355195299346,2.4463819199586,3.30987868351803,3.84842420750296,4.46030813971703,5.83592385162268,1.00103300662721,15000
"pred.rec[8,5]",10.4171482920114,1.93792554432166,7.20381293288454,9.05713604701641,10.2133595496408,11.5519210770048,14.8044712914092,1.00090116391814,15000
"pred.rec[1,6]",9.08253586068679,1.52418411642404,6.38991069595059,8.0433978916295,8.97728543143771,9.99506559413438,12.4562630920957,1.00097838262204,15000
"pred.rec[2,6]",5.74637107596562,1.48425439857842,3.37083216330832,4.70437704058843,5.57671673363897,6.5682272858702,9.18582298591372,1.00097552550998,15000
"pred.rec[3,6]",11.3898536699732,1.85398082415739,8.16065749141949,10.1174211144537,11.256661359682,12.5108926226558,15.4833568525868,1.00128259415995,5200
"pred.rec[4,6]",18.5236411597389,2.6354535789395,13.9538549330366,16.7274622680382,18.3301626520324,20.1360953102804,24.1552566026797,1.00104272864262,14000
"pred.rec[5,6]",7.29016051920541,1.8233905875884,4.36358407155688,6.00083315470699,7.07115410620154,8.30274272030304,11.4957088859159,1.00100141762613,15000
"pred.rec[6,6]",13.1792359600446,2.14081900994308,9.48865268786693,11.6838754356345,13.0174579742454,14.4597711919519,17.9150391365255,1.0013355884065,4600
"pred.rec[7,6]",2.43859352094725,0.581006536571218,1.46387099258969,2.02799336651065,2.39025330470999,2.78728131719711,3.71597571419389,1.00091398561677,15000
"pred.rec[8,6]",10.7245106929044,1.18507940216236,8.60774144917055,9.92589784657088,10.6466468850618,11.4643791587674,13.2640957310722,1.00121930082133,6200
"pred.rec[1,7]",13.0696502947696,2.11372518944314,9.44557847064989,11.6220842374995,12.8711418728726,14.3063357840018,17.7830503529669,1.00102835924375,15000
"pred.rec[2,7]",12.1268986921357,3.75270183486039,6.47665177015482,9.49910760037853,11.5608822893403,14.1458520945933,20.9895264987468,1.00110269540005,9800
"pred.rec[3,7]",17.3727128534057,2.7588463648862,12.5014434862644,15.4830961361379,17.178571781,19.0024747822446,23.352433938301,1.00100149463884,15000
"pred.rec[4,7]",18.0274292114458,2.16805793140082,14.111695989926,16.550721053722,17.8983738704453,19.360061625962,22.7396727094893,1.00105754387689,13000
"pred.rec[5,7]",10.1387793653578,1.31002755080647,7.74518009898524,9.24959758514177,10.0804493437194,10.956858386031,12.8755873829091,1.00126282800357,5500
"pred.rec[6,7]",19.8830413436196,2.65133711257381,15.3033761260598,18.0394282630078,19.6816886044369,21.4728300326529,25.7013630812242,1.00100107812363,15000
"pred.rec[7,7]",7.81123982675691,1.49883452656601,5.26345616425972,6.75778933136725,7.69157790849586,8.69774841162948,11.0982665651442,1.00091412849628,15000
"pred.rec[8,7]",11.6103670235887,1.55633368582041,8.947637266871,10.5357979222932,11.4818708058379,12.544629744746,15.038496238259,1.00101593844464,15000
"pred.rec[1,8]",11.300491702298,3.30359246938596,6.22931399589141,9.00862148798681,10.8282867952592,13.0654850111248,19.1124115110997,1.00096037549724,15000
"pred.rec[2,8]",12.6396687775032,2.30768926134148,8.69475479654313,11.0252826789722,12.4336138849,13.9933866881681,17.7535346978485,1.00090424874259,15000
"pred.rec[3,8]",18.4396607504105,2.1109627939464,14.6446612855795,17.0119636111544,18.3054889056273,19.7288513354037,22.9057545270478,1.00092564060697,15000
"pred.rec[4,8]",17.4960015411612,1.43714401551134,14.8323546250741,16.5069528168199,17.445349022152,18.4016673962654,20.4760530381711,1.00114614791338,8100
"pred.rec[5,8]",11.2103583154768,1.00306595682443,9.34284781921817,10.5410377630569,11.1774127652627,11.8326760793242,13.3453594253017,1.00107141776991,12000
"pred.rec[6,8]",18.3609182933278,2.01829416379343,14.6965538388649,16.9757725865878,18.2519029036355,19.5985325145817,22.6457508406852,1.00107822899347,11000
"pred.rec[7,8]",8.50643879251427,1.56019250433373,5.96571205475643,7.42454827843807,8.32728234737701,9.4037143063579,12.0485535265832,1.00095767885395,15000
"pred.rec[8,8]",10.1841781853885,1.36894913325245,7.71849135800722,9.23350375062865,10.1057751293385,11.0477423423108,13.0853817199745,1.00109198415224,10000
"pred.rec[1,9]",13.1654203726649,1.78436894865157,10.0101422280245,11.9544467682312,13.0382898821684,14.2326472330694,17.0166706823986,1.00100741478062,15000
"pred.rec[2,9]",12.7942827419696,3.43334699502047,7.44693019906918,10.3608745454888,12.3521612491523,14.6834361790006,20.7735804278625,1.00102950277635,15000
"pred.rec[3,9]",17.9094367332574,2.20639215768725,13.9796652765825,16.3866501062743,17.7881571719812,19.237571438589,22.6019668715933,1.00092356267326,15000
"pred.rec[4,9]",15.5500492768433,1.69190768403328,12.4657603732365,14.3982078000294,15.4557133040767,16.6020875912865,19.1503016168716,1.0010474762511,13000
"pred.rec[5,9]",9.73971576939286,1.07168311013654,7.77001016679901,9.00681509990326,9.69492269779071,10.406182451081,11.9814584983506,1.00119816449827,6700
"pred.rec[6,9]",18.0127708572304,2.16165575322897,14.1188546759534,16.5260522867764,17.8875016911971,19.3411088835259,22.5976537402397,1.00103550651193,15000
"pred.rec[7,9]",8.79550467944144,1.37998313881937,6.39558066618626,7.83104053983078,8.69290569641599,9.62552548570661,11.8382142034321,1.00091273286172,15000
"pred.rec[8,9]",11.5962149460127,1.29229460467932,9.31097316607508,10.7016053486394,11.5123453935219,12.3841335994266,14.399259579609,1.00095962333356,15000
"pred.rec[1,10]",12.7410976968317,1.52110181561781,10.0072677625474,11.7051522081451,12.6530707394535,13.6876779520075,15.9796661873991,1.00092019090052,15000
"pred.rec[2,10]",10.5644717545842,4.07447753638693,4.80104323820477,7.68834391566768,9.85311295005124,12.5975967309409,20.5666115211194,1.000961663745,15000
"pred.rec[3,10]",9.56203736325044,1.56071258107884,6.83560834655183,8.47582339810335,9.44977995593128,10.5091362722134,12.9895016514302,1.00120348843528,6600
"pred.rec[4,10]",14.3623733534954,1.45779321388662,11.7165501423756,13.3578146774623,14.3039723185198,15.2744041619209,17.4216865837605,1.00131899111442,4800
"pred.rec[5,10]",9.95418229338478,1.00133019293842,8.10083671499907,9.27753474062566,9.90937417831859,10.573555224002,12.0750714917476,1.00101270606981,15000
"pred.rec[6,10]",18.2077238703637,1.93144850380468,14.7131348008632,16.8899444579303,18.1072072215777,19.4165107460235,22.3047945833338,1.00109728333857,10000
"pred.rec[7,10]",8.02339744068389,1.33383151315605,5.76150844167476,7.10069691072381,7.88748570828062,8.79526855636507,10.9887024109535,1.00111191470696,9400
"pred.rec[8,10]",10.7932309130554,1.10172148965326,8.82503813203252,10.0381649383523,10.7308326888835,11.4903307952435,13.1411931870023,1.00106653548818,12000
"pred.rec[1,11]",13.225803643646,1.67864926550366,10.2444247987569,12.0866376762661,13.0995570050435,14.260666702893,16.7775074308548,1.00090163101516,15000
"pred.rec[2,11]",12.5083833150077,2.476446676682,8.42584798799097,10.7806732971182,12.2481792099395,13.9335952389527,18.0893151616407,1.00097798909839,15000
"pred.rec[3,11]",15.1130397416491,2.49153528731671,10.8196400519322,13.3819615381591,14.8952056263853,16.6199818264014,20.6488690514436,1.00091080202803,15000
"pred.rec[4,11]",16.987802709076,1.31267691091508,14.5659108696077,16.0963187852499,16.9326390424504,17.8240469368367,19.7397420407742,1.00129902038762,5000
"pred.rec[5,11]",10.9005092161199,0.968747488819765,9.10714308545204,10.2433378519709,10.8488132841782,11.4965542662735,12.9101686610212,1.00095171727951,15000
"pred.rec[6,11]",19.2583389485717,3.00630775446317,14.0801642251623,17.1839290280908,19.0272537998643,21.0616773148819,25.8004213311548,1.00116286489157,7600
"pred.rec[7,11]",7.10446442423576,1.63270084765837,4.54754594521573,5.96152248684743,6.88308746622093,7.99539799217465,10.9938224971193,1.00109950189669,10000
"pred.rec[8,11]",11.0412032667612,1.05193376868171,9.15282669827267,10.3211456715383,10.9805622986623,11.6936647169394,13.2579231494971,1.00093199258196,15000
"pred.rec[1,12]",12.4882862182486,2.96043661980483,7.72343388006353,10.4348763371906,12.1304710171271,14.1710666852379,19.2157398374233,1.00098070134961,15000
"pred.rec[2,12]",12.8989811784553,3.6992111483324,7.23603183431917,10.3279977068684,12.3741593268838,14.8837130414977,21.6740692977499,1.00092449310519,15000
"pred.rec[3,12]",18.5114065369379,2.22937583046071,14.5114624832357,16.9839459969051,18.3774234304295,19.8793015497844,23.3237485652769,1.00117224517418,7300
"pred.rec[4,12]",16.0352365486162,1.58128591434896,13.1313853445602,14.9588499430693,15.9609581795498,17.0437721896387,19.3803006021692,1.00120888014792,6400
"pred.rec[5,12]",10.0098126424877,1.06975501169893,8.05640822681218,9.28090188265534,9.966183438518,10.665964653333,12.2975670558905,1.00102176663376,15000
"pred.rec[6,12]",20.8780669472789,2.44506488644602,16.5260237079839,19.1962065213227,20.7018220748818,22.3808878206736,26.0468919094314,1.00091890352883,15000
"pred.rec[7,12]",8.91689964226793,1.44393862796001,6.48604273085057,7.92006932752992,8.76886117335394,9.75179406460309,12.0982616046017,1.00093249509659,15000
"pred.rec[8,12]",9.81688761596063,1.83729863759629,6.76086323042187,8.52192284214098,9.62368871984926,10.8999608069402,14.0169750638327,1.00090729913478,15000
"pred.rec[1,13]",10.0367085207822,2.87749567836099,5.62765150880134,8.02084729776332,9.62424790115913,11.5576073332803,16.8517661579397,1.00096359909715,15000
"pred.rec[2,13]",11.6202294934357,3.05053636269207,6.85755871453049,9.46314812363815,11.2010706325466,13.2831089917908,18.7088355466521,1.00096640168184,15000
"pred.rec[3,13]",15.1252422473456,2.31671881408279,11.0683905133982,13.5138042391567,14.9619482840095,16.5047884093805,20.2138142926223,1.00097071582751,15000
"pred.rec[4,13]",16.3951070808224,1.37820970315063,13.8910349366504,15.4532997724699,16.3357139527119,17.2560892282611,19.3065365301862,1.00138825359834,4100
"pred.rec[5,13]",10.3816392403571,0.954084966022784,8.63321611190812,9.74085807756326,10.3360884723893,10.9733465705217,12.3792346124599,1.00094934578793,15000
"pred.rec[6,13]",18.6365879764494,2.90683571065312,13.6090390002054,16.6293339270832,18.4199709426515,20.385569150129,24.9901854461862,1.0010715066664,12000
"pred.rec[7,13]",7.37912618057481,1.41207198547797,5.0722260739391,6.39148699137172,7.21366534496448,8.17711900344597,10.6129729482901,1.00120776531898,6500
"pred.rec[8,13]",10.3130528418773,1.10632468938156,8.31002146356904,9.56922654565074,10.2597364411778,10.9987549364516,12.6570199546409,1.0011341045155,8500
"pred.rec[1,14]",13.3000018311183,1.56804241794152,10.4797083913349,12.2204658654131,13.2040440012088,14.2618821624073,16.6733996151519,1.00090837692288,15000
"pred.rec[2,14]",6.60224821392132,1.58754780725723,4.04718826382502,5.48675492707903,6.42844156460534,7.48921223582341,10.2765412746704,1.00094579135526,15000
"pred.rec[3,14]",8.4310647268653,1.36935662692953,6.0453987675328,7.48387658163311,8.33315518066836,9.25692815841549,11.4669602915805,1.00112009065494,9000
"pred.rec[4,14]",16.9293147528394,1.30807795163811,14.5186372062648,16.0434177943365,16.8820249018504,17.7592332626069,19.6418692267122,1.00138586432063,4100
"pred.rec[5,14]",10.6950646846091,1.24292324685425,8.45763208086831,9.84480624106344,10.6222369158573,11.4590637312113,13.3300101272864,1.00092547718917,15000
"pred.rec[6,14]",16.5376048512021,1.97296688339161,12.9910283446457,15.1669743882906,16.4255459165132,17.742587987789,20.7487266940118,1.00124827612585,5700
"pred.rec[7,14]",5.08223753899623,1.00395540207911,3.35198574520963,4.37363370039523,5.00975572549875,5.70557455373925,7.25507599714868,1.00091874514624,15000
"pred.rec[8,14]",11.0779233387462,1.02233698812275,9.23780446869946,10.3707683130315,11.0278736163733,11.720454571302,13.246777212591,1.00103807101037,14000
"pred.rec[1,15]",11.5710321101077,1.47807092789726,8.88153803954309,10.5522844971499,11.4784059137225,12.4892172078889,14.6978318049062,1.00100415515541,15000
"pred.rec[2,15]",10.9567069831197,2.08773756302597,7.43202407382509,9.5109662631986,10.7551301158949,12.18316093495,15.6413556742371,1.00091171815638,15000
"pred.rec[3,15]",10.7097543254481,1.6234812751991,7.86899152432452,9.5893410245878,10.5896913184859,11.6954581726477,14.2285736950855,1.00105873167189,12000
"pred.rec[4,15]",12.5217768475665,1.47683189758947,9.88136151941139,11.5044310236287,12.4258150816591,13.4404997295219,15.684709714365,1.00121239196157,6400
"pred.rec[5,15]",6.94615255380204,0.858811916590493,5.37043819853519,6.37432499833818,6.90018252471265,7.47646949425862,8.78456531279521,1.00100479069998,15000
"pred.rec[6,15]",14.928666148812,1.97454555529754,11.4050099952913,13.5534197681227,14.8312754000516,16.1374698617682,19.1365531696153,1.00115878677725,7700
"pred.rec[7,15]",7.78944412690056,1.22977434650333,5.6734746825726,6.94591299591107,7.68451615292666,8.52108343959167,10.4804179830762,1.00121285820573,6400
"pred.rec[8,15]",9.41579490943883,1.21773549114099,7.20596865490673,8.57806754745938,9.34696608215681,10.1805731511112,12.0290702838263,1.00107272510976,11000
"pred.rec[1,16]",10.5583432198226,1.81186981214939,7.34268090390183,9.31681671664518,10.4279629041216,11.6655479320118,14.5083260202617,1.00099525921658,15000
"pred.rec[2,16]",10.2932479025918,2.39584978312206,6.33032378887675,8.62858726439262,10.0327131546166,11.6773601513482,15.6513767905347,1.00096940425568,15000
"pred.rec[3,16]",13.9178355825062,2.32997200979252,9.76041183353542,12.3259970995951,13.7566137783781,15.3339186038222,18.9519885408254,1.00097256840026,15000
"pred.rec[4,16]",12.1368006519947,1.77298691075681,8.99482249975673,10.9165813607856,12.0173372917204,13.2033744015693,15.9688224797824,1.00117255557065,7300
"pred.rec[5,16]",6.5340449389361,1.05079407507707,4.67457590005581,5.82504963704182,6.45402804174328,7.16184962942695,8.82343392069324,1.00094641914521,15000
"pred.rec[6,16]",14.7478343534163,2.40489510218259,10.6069055318563,13.1046018934531,14.5498100837915,16.1787266601125,19.9737434852035,1.00101312815843,15000
"pred.rec[7,16]",7.01393498762244,1.39237834210533,4.62091558965263,6.07044905970071,6.89502349701287,7.81837905468124,10.1533037312956,1.00134899055865,4400
"pred.rec[8,16]",9.51937597956087,1.43175979388512,7.03432958454412,8.55187955780018,9.4155647476869,10.3653589013153,12.6294251954981,1.00093545639727,15000
"pred.rec[1,17]",12.5487264713863,2.25326215332985,8.69431823312772,11.0044944765855,12.3561857265007,13.8789489758383,17.4617644474008,1.00090761120783,15000
"pred.rec[2,17]",13.9689661534635,3.46217236715357,8.53165178600741,11.6360336709137,13.5323804608244,15.7894418874258,21.8312131346757,1.00095111144921,15000
"pred.rec[3,17]",7.72089688871276,3.29078725367233,3.17319700256723,5.45302548015076,7.11633875249323,9.32273052242489,15.6908694480653,1.00091296394279,15000
"pred.rec[4,17]",18.408992044276,2.54698122661169,13.9769524458241,16.6527059973726,18.2291029520723,19.8915830435194,24.0094031612123,1.00113785413113,8400
"pred.rec[5,17]",11.3801404041826,1.73969599958129,8.38408518903543,10.1852770967239,11.2273219575778,12.3943338765993,15.2721710968807,1.00109526848197,10000
"pred.rec[6,17]",19.3171681674195,4.61718376526645,11.8837420439324,16.0944696984492,18.756764196971,21.9592620939046,29.8998330297877,1.00100758449101,15000
"pred.rec[7,17]",4.43539426448722,2.22779388181923,1.72402091042602,2.94454771796217,3.92513648290016,5.35666607237526,10.0862449781996,1.00100810388988,15000
"pred.rec[8,17]",11.7635356479724,1.8144277604427,8.44517041481297,10.5437566808004,11.6624456656291,12.8814825708458,15.6101461673232,1.00122601022055,6100
"pred.rec[1,18]",12.908835021254,1.55210085350254,10.1107224263631,11.8395631199247,12.8265775996446,13.8635680143018,16.2302568767798,1.00093049253576,15000
"pred.rec[2,18]",13.2097597407551,2.69533497517827,8.78852818831116,11.3522619667228,12.8978342711923,14.7625166605226,19.4427885233673,1.00090153321278,15000
"pred.rec[3,18]",14.7551649579501,2.84063846859885,9.98375697070371,12.7705577740772,14.4991294031993,16.4175543866332,21.0492798591452,1.00093312318549,15000
"pred.rec[4,18]",14.2818112528758,1.55614435859749,11.4599772645062,13.2214882142374,14.2041862940564,15.2599751197802,17.5826225054411,1.0012040695944,6600
"pred.rec[5,18]",9.18553763939635,0.995739530594134,7.34880682370629,8.50624829706722,9.14310799790139,9.80276994831957,11.298684748409,1.00103073184863,15000
"pred.rec[6,18]",20.1884660012146,1.94121349067265,16.669452290173,18.8459621791536,20.0929190205805,21.3991856542208,24.3000596844065,1.00094861088991,15000
"pred.rec[7,18]",8.76623557049056,1.30060885432011,6.51179112790277,7.86684215722185,8.6638576722232,9.5663420941145,11.6132992853857,1.00092326442161,15000
"pred.rec[8,18]",9.20637800466712,1.34916733126094,6.80144696710902,8.27594120399585,9.12543409437304,10.0214519368417,12.1379333329983,1.00119311890997,6800
"pred.rec[1,19]",14.714978055531,1.915137382068,11.3762646336468,13.4067017679505,14.5614708692357,15.870232935217,18.9657347468681,1.0009167945539,15000
"pred.rec[2,19]",11.2704531580582,4.69367257199656,4.78471942958184,7.96614006489075,10.4349602544067,13.5411973300951,22.9225068881689,1.00102013516943,15000
"pred.rec[3,19]",17.7863831603216,2.30612471649377,13.6926297754711,16.20528080217,17.6238499707496,19.1878532392865,22.7987660519442,1.00091703633851,15000
"pred.rec[4,19]",19.8486095276671,2.6540892205497,15.1405881139439,17.9937868000895,19.6580776592282,21.4692791413059,25.5999762366096,1.00098359053578,15000
"pred.rec[5,19]",10.1269394010106,1.12693102250745,8.04615037320278,9.35942545375103,10.087156753794,10.8257023205169,12.4617081396652,1.00118264119524,7000
"pred.rec[6,19]",19.9213647706037,2.19152573345409,15.9275732530991,18.4090887964652,19.7995020929892,21.2953279421774,24.5189159471157,1.00095865711035,15000
"pred.rec[7,19]",9.01661421460958,1.62314398397501,6.36386442874567,7.90847786216241,8.84204270624766,9.93578213274867,12.65777287038,1.00091696090599,15000
"pred.rec[8,19]",10.8376725309331,1.70576329486318,7.93492020449671,9.65489916028212,10.6806554635903,11.8607210023469,14.6462480667487,1.00093318755241,15000
"pred.rec[1,20]",10.5210313289669,2.03538858376449,7.0245948598535,9.13037648780364,10.3241118707497,11.697054342044,15.0819712664467,1.00100376688777,15000
"pred.rec[2,20]",9.79808588607525,3.1435023466622,5.07678309763761,7.59401999011127,9.33583352406356,11.4636231601958,17.1410616476602,1.00111310789273,9300
"pred.rec[3,20]",13.2033361878966,2.73544931750887,8.51394999754001,11.348996119776,12.9797330860376,14.8246221909283,19.2902534019575,1.00090937863373,15000
"pred.rec[4,20]",14.1344329745229,2.15763051936943,10.2410264276789,12.6700739353869,13.9835844200557,15.448202050412,18.8313088477165,1.00113768941253,8400
"pred.rec[5,20]",8.39227628014093,1.39005597294158,5.85667396666888,7.45713804513065,8.30321835760575,9.22939811326276,11.4353384626692,1.00094254358891,15000
"pred.rec[6,20]",14.6737703063749,2.69834742006488,10.197063969933,12.8129886491986,14.379405671997,16.2303049962791,20.8238596663354,1.00099480770987,15000
"pred.rec[7,20]",5.91596388665623,1.6661766816594,3.36673137271241,4.76523870590526,5.68310650840539,6.77398959713472,9.82102974155503,1.00140528951302,4000
"pred.rec[8,20]",8.73103881752654,1.63706570738454,5.98778024811356,7.60561568218489,8.58627231132585,9.68005256288049,12.365692370463,1.00092798713631,15000
"pred.rec[1,21]",11.1534310489449,2.60188347764499,6.91126150770362,9.33387236772234,10.8441089228021,12.6155369754531,17.0491497172359,1.0009115097698,15000
"pred.rec[2,21]",11.3956303699413,3.19679731681054,6.46464300576068,9.16310752940072,10.9468115683364,13.1639829992177,18.8071128830063,1.00109571400454,10000
"pred.rec[3,21]",14.4570024383358,2.03811274693513,10.8133353499644,13.063173547349,14.3418629221904,15.7187601044957,18.8073809632812,1.00091821684284,15000
"pred.rec[4,21]",15.6395733315988,1.59821756111998,12.68889466314,14.5556229917314,15.5594998398344,16.6595390241847,19.0129056165568,1.00117813369369,7200
"pred.rec[5,21]",9.26363225654827,1.07328479864419,7.27162473395797,8.54917538315987,9.21981562805212,9.93066564763981,11.5183142949305,1.00111385711586,9300
"pred.rec[6,21]",18.0750536148632,3.72970720217103,11.8325708353178,15.4822172572221,17.7090518354041,20.2340250940632,26.3915236150216,1.00126427960639,5500
"pred.rec[7,21]",8.04800474214617,1.36219474263195,5.74339626236237,7.11357663276384,7.92182880054147,8.84166403774872,11.0564496906491,1.00109237065647,10000
"pred.rec[8,21]",10.4692338059066,1.38760106108409,8.1124649650408,9.51166981739387,10.3441875794121,11.2886738646615,13.5567274136676,1.00093394680858,15000
"pred.rec[1,22]",13.214427546988,1.41542795285436,10.6458458683385,12.2550036997152,13.1306682267121,14.086829654414,16.2499458866213,1.00092531658521,15000
"pred.rec[2,22]",5.58592704766937,1.39586501862816,3.34385126949742,4.60531978816011,5.42951898510336,6.36368109212594,8.81842757003704,1.00093122468254,15000
"pred.rec[3,22]",16.5696614141866,1.83229752138133,13.2567734918292,15.3087300340636,16.480829669252,17.722484306775,20.4205937712333,1.00108044915941,11000
"pred.rec[4,22]",18.7461773181111,2.54054363875647,14.2792248974695,16.9997624968025,18.5427678551398,20.2812983895091,24.2589775803011,1.00101484003163,15000
"pred.rec[5,22]",9.23214208202186,1.54539382958331,6.57807143344561,8.15457093731089,9.11272461697587,10.140065499467,12.6285794639699,1.00093264121347,15000
"pred.rec[6,22]",19.6184154887503,2.66245952863095,14.9480489719836,17.7867004313456,19.4466347619758,21.2429960561344,25.3479494608781,1.00106614144472,12000
"pred.rec[7,22]",7.3830087677637,1.18383581908063,5.27560681819802,6.56110391265413,7.31320910389909,8.11744482465157,9.92740080252219,1.00092000930805,15000
"pred.rec[8,22]",11.1434985357932,0.973096407726941,9.36781255087705,10.4783845761334,11.0979767850485,11.7544242807643,13.1798421745875,1.00100611206248,15000
"pred.rec[1,23]",12.4166860819583,1.68309497907366,9.42104114411148,11.2521232902431,12.2869633433015,13.4399758362037,16.02724889914,1.00103534149233,15000
"pred.rec[2,23]",7.11338904094605,1.77542813463611,4.24015930283261,5.86618856355544,6.91387182690388,8.11594891200458,11.2157788813981,1.00090187934657,15000
"pred.rec[3,23]",8.59784702373799,1.43850680034729,6.13152730504949,7.60197414945441,8.48266424111061,9.46646130186521,11.7791522362312,1.00091670738747,15000
"pred.rec[4,23]",16.6211824906109,1.59060925625632,13.7063247857414,15.5264850160535,16.5485478684444,17.6324030303937,20.0183979065146,1.00117961543011,7100
"pred.rec[5,23]",9.77379077044758,1.06073178192016,7.79281753013214,9.06578204746753,9.73478360422745,10.4400798929521,11.9980619982256,1.00113778572001,8400
"pred.rec[6,23]",16.7149678630821,2.121482001758,12.977819796771,15.244873493079,16.5733989829072,18.0156257794162,21.2414290439575,1.00104054840996,14000
"pred.rec[7,23]",5.28866365330086,1.06251053189382,3.47190299111483,4.54148015434674,5.21309245580455,5.94801918204167,7.56861246788138,1.00091664415027,15000
"pred.rec[8,23]",10.9868917681398,1.24695752367631,8.80348796827447,10.1217116026391,10.8883645804013,11.739749342251,13.7317032292383,1.00095105141733,15000
"pred.rec[1,24]",10.8583011905036,1.82711148378959,7.69172801734432,9.59599937259479,10.7165798937432,11.9445789759499,14.9088864198858,1.00095850002206,15000
"pred.rec[2,24]",8.6588878382973,2.08668597912233,5.30563227849958,7.20878295129741,8.40925816320807,9.82776726785966,13.4853447236277,1.00096190387538,15000
"pred.rec[3,24]",19.2286818739952,2.58190353615495,14.6164131973275,17.4409862803974,19.0416663363317,20.8003904053801,24.8091707406963,1.0009977364265,15000
"pred.rec[4,24]",11.222578071895,1.79977178186985,8.11512313223844,9.98556132648054,11.0760098761458,12.3009388937798,15.1304452760614,1.00101086021606,15000
"pred.rec[5,24]",7.29925219449384,0.998988450461243,5.5040702084087,6.61763624733563,7.23292508006222,7.90653938673845,9.49639832541403,1.00105144821299,13000
"pred.rec[6,24]",20.8335842645331,2.36842083307415,16.5135929079568,19.2131539245571,20.7155292011652,22.2836225198326,25.8395973411876,1.00101787772865,15000
"pred.rec[7,24]",9.69289008316374,1.56981575394877,6.98898273711623,8.60638585985569,9.5600618310325,10.6473946199797,13.1742740525301,1.00093567022546,15000
"pred.rec[8,24]",12.4015331107326,1.37028705931594,9.91959952694664,11.4798967504747,12.3194707090222,13.2413541509132,15.2875613707546,1.00100215273786,15000
"pred.rec[1,25]",13.0298349433843,1.58795298958783,10.1864822837715,11.9368858640539,12.9219941290622,14.0095804486976,16.4486326094036,1.0009111351465,15000
"pred.rec[2,25]",11.3130728821609,2.10288980489072,7.77051948448805,9.85480778173462,11.1242157484207,12.5478888806671,15.9804842067578,1.00090463303486,15000
"pred.rec[3,25]",13.6715781237123,1.86218199238663,10.3276618390641,12.3914215791155,13.5681634311794,14.814685479455,17.6494136967867,1.00119298353498,6800
"pred.rec[4,25]",18.6397469143767,3.05993645927289,13.3863740324678,16.5173485749197,18.3744789124911,20.4519946900914,25.3633460382796,1.000985905135,15000
"pred.rec[5,25]",10.5607949362886,1.2457076439102,8.32491240688391,9.70610984333455,10.4834980109852,11.3253515005587,13.2216962719579,1.00093761553484,15000
"pred.rec[6,25]",19.6557152134453,2.05505324453806,15.9381669022576,18.2455144618991,19.5483249559312,20.9205344834048,24.0197670115868,1.00090939567251,15000
"pred.rec[7,25]",5.52624369754807,1.06769282766813,3.65719329353321,4.77383050072903,5.45469529661263,6.18574449253627,7.84285325934951,1.00091593215391,15000
"pred.rec[8,25]",8.24387757752692,1.94007413781184,5.16761570198171,6.87339455123898,8.00596456014455,9.33991969872521,12.7473373388946,1.00091871171881,15000
"pred.rec[1,26]",10.3998917813065,1.62878786755483,7.52227581975371,9.27865820859158,10.2867415936999,11.379907075895,13.9841653589846,1.00098500319902,15000
"pred.rec[2,26]",3.11729951181321,0.863299305472984,1.76731388418115,2.51206389349438,3.00487972535018,3.59297857447289,5.15394434456822,1.00096645055275,15000
"pred.rec[3,26]",18.0789512835122,2.1639562863075,14.1533265321275,16.5855420211375,17.9346752028191,19.4427246585791,22.6896334744259,1.00104277758661,14000
"pred.rec[4,26]",15.1310267058073,1.62939434836784,12.1839381161817,14.0253567154199,15.0384926671871,16.138248271547,18.6107113356514,1.00111334210471,9300
"pred.rec[5,26]",7.70017841321948,0.9307882183952,5.98200699714284,7.06858291195138,7.65018738350745,8.26775198688085,9.71189621552538,1.00105937450159,12000
"pred.rec[6,26]",16.8316753333696,2.19411775797241,12.9313054919284,15.3129649762061,16.6910177444108,18.165707674043,21.6209267335817,1.00124686490963,5700
"pred.rec[7,26]",8.2758851711899,1.3466029791763,5.90307846186904,7.33666563270602,8.18400211370716,9.11012447267765,11.209015921412,1.00094009852707,15000
"pred.rec[8,26]",11.3661734406774,1.35548145156394,8.97165943212025,10.4345067106562,11.2581810795799,12.2160833747656,14.2775698020577,1.000915162038,15000
"pred.rec[1,27]",10.6847277013029,1.96776362895249,7.1022020783579,9.34803676355346,10.5807863807811,11.9024426975749,14.8574296153043,1.00093338055832,15000
"pred.rec[2,27]",7.05077453849393,1.97649588516048,3.91150048367457,5.69028356655023,6.80089724124776,8.11284495123776,11.666482175042,1.00097142699903,15000
"pred.rec[3,27]",15.700743147691,2.81008825337199,10.6682633256988,13.8339614847317,15.4963415823361,17.3730074009379,21.9243388257488,1.00135153657248,4400
"pred.rec[4,27]",12.4673318725886,1.95360443413402,9.10820748729465,11.1091896418923,12.3000298798666,13.6282416053965,16.7624787951784,1.00123961929629,5900
"pred.rec[5,27]",10.299924434948,1.60083243936717,7.58773193554656,9.19786346528857,10.1566010770924,11.2255125446166,13.9084807285976,1.00111838148611,9100
"pred.rec[6,27]",18.1128267151945,2.92392520227625,13.1667460007932,16.1349898370184,17.8094356233838,19.7550534471961,24.7158336702888,1.00095031988727,15000
"pred.rec[7,27]",7.3255168338256,1.6060580305883,4.59724489975407,6.24495378391821,7.17115101052792,8.23578402386631,10.929637718696,1.00120526986757,6500
"pred.rec[8,27]",10.0088806897433,1.58164288561367,7.26065224011021,8.93718691544427,9.88482520657604,10.9298609655621,13.495379349247,1.00117408064746,7300
"pred.rec[1,28]",11.7187684740612,1.63664821754844,8.78882860139859,10.6020715312484,11.6145522983757,12.6957357148881,15.2932048814086,1.00098607714908,15000
"pred.rec[2,28]",7.35662127024394,1.75098421440864,4.53070848108967,6.13108592767525,7.16168195239992,8.34546544191236,11.3779302051198,1.00093906978574,15000
"pred.rec[3,28]",17.9174098483957,2.06820730227894,14.1721412981135,16.5014671870281,17.7890125154107,19.2249837736759,22.3207634033107,1.00101501281429,15000
"pred.rec[4,28]",17.4136241083812,1.41850724435083,14.771443707433,16.441567235594,17.3594206146505,18.3309539773638,20.3481821165616,1.00118815200909,6900
"pred.rec[5,28]",10.8513894000419,0.99469776217149,9.00506884730581,10.1834896570483,10.8181107968164,11.4640763600859,12.9331774654163,1.00102923083207,15000
"pred.rec[6,28]",16.9411736679477,2.11469520085273,13.1818079834852,15.4761324092228,16.8081006604256,18.2280230814041,21.4996814315643,1.001220858158,6200
"pred.rec[7,28]",7.86349719750473,1.29786632128257,5.57587593130422,6.96480344596682,7.77765317278434,8.66188088518256,10.6820094508441,1.00093907315383,15000
"pred.rec[8,28]",10.3864272960405,1.34550297900771,7.94892944202274,9.46526771831102,10.316170443889,11.2155511040542,13.2538020053382,1.00113776838151,8400
"pred.rec[1,29]",9.46152927049277,1.48505560224494,6.8254947694688,8.44123240436771,9.36640164273875,10.3550628136591,12.7092156540109,1.00101511358656,15000
"pred.rec[2,29]",7.18722828579917,1.6868196224877,4.45508731067534,6.00480004338821,7.00381380234904,8.13975751368578,11.0599374255744,1.0009378770507,15000
"pred.rec[3,29]",15.3311389821246,1.91839034994126,11.8960244229626,14.0131363789147,15.2177903155825,16.5288692703613,19.4065537178803,1.00108483542341,11000
"pred.rec[4,29]",13.7508090542845,1.5072623436389,11.0358821828106,12.7152716854595,13.6755321203278,14.6711280875403,16.9760020041326,1.00116091163324,7600
"pred.rec[5,29]",10.6274625072344,0.918647637527865,8.90257082617022,10.0121310464246,10.5943697893353,11.1928333951389,12.5380374632881,1.00100522526886,15000
"pred.rec[6,29]",15.4724882840305,2.02833279303832,11.8909261468157,14.0473903922978,15.3520178836716,16.7012130277247,19.8529379320537,1.00127694817147,5300
"pred.rec[7,29]",7.52334656831274,1.22374604704729,5.34915662232344,6.67415454348871,7.4421136018212,8.27121246297841,10.1555652399258,1.00091866758006,15000
"pred.rec[8,29]",10.828718864276,1.16338841306632,8.69223881002945,10.0346110883675,10.7887526934724,11.5482700893234,13.296359959106,1.00116409060143,7500
"pred.rec[1,30]",16.0975553077061,2.91340732268189,11.4474159667559,14.132457272538,15.7234091220548,17.6208210250726,22.8818305008454,1.00091819943924,15000
"pred.rec[2,30]",13.662813326314,3.31730747809829,8.42653462102549,11.399019388378,13.2686646674141,15.4322999535944,21.1903568073447,1.00090139977926,15000
"pred.rec[3,30]",18.9181705590508,3.97470083670817,12.4410359293049,16.1390323777855,18.4780211859292,21.1862627040087,28.0249029313282,1.00093657784027,15000
"pred.rec[4,30]",20.8739462038913,2.74801127128712,15.7880458279591,19.0393372131498,20.7239799870574,22.5602538916109,26.7524180194641,1.0009219601437,15000
"pred.rec[5,30]",12.073208336435,2.11944334620728,8.40013506474951,10.6143454965254,11.9022925600942,13.3709867844279,16.6284050452729,1.00095146877963,15000
"pred.rec[6,30]",23.3057115963224,3.48084036585941,16.9960761240211,20.9684075559191,23.0889947756188,25.4668503210612,30.6548783827828,1.00090397415373,15000
"pred.rec[7,30]",8.97253318855607,2.53413720389669,5.21291005067922,7.2368867236075,8.57659170686804,10.2502833206253,15.2142992393114,1.00089848367263,15000
"pred.rec[8,30]",12.5447466471215,2.07347755591174,8.91915923429712,11.1337959129549,12.3797601526256,13.7891309102197,17.0451676070272,1.00103906416172,14000
"pred.rec[1,31]",13.0767303508847,1.88722589398715,9.77917741858798,11.7847482478834,12.9307403888482,14.2110073028706,17.162368463362,1.00090074296338,15000
"pred.rec[2,31]",9.41686544474419,2.04523976365516,6.01214476882535,7.97925894013818,9.22318744350592,10.5956152832204,14.046952646103,1.00090493540029,15000
"pred.rec[3,31]",14.0681495115475,2.74248670464254,9.45529493550075,12.1931049518909,13.8101644728847,15.683203842879,20.21424113891,1.00092791491086,15000
"pred.rec[4,31]",18.1468069195265,2.96116430713373,13.0988403802011,16.0939296225523,17.8739380199631,19.9233288925803,24.6326433710723,1.00100666062346,15000
"pred.rec[5,31]",7.52206975473378,1.72619397393321,4.72138359912878,6.31602397405972,7.33864352693523,8.48245462481395,11.4871510850434,1.00094975798289,15000
"pred.rec[6,31]",18.4933216486768,3.68858513641028,12.2743623144953,15.9385976031649,18.134524007175,20.6512627459344,26.7465918887354,1.00125076394657,5700
"pred.rec[7,31]",8.37480302787042,1.30700554051,6.13939865200838,7.47423715936706,8.25749939296102,9.14724863999345,11.2428155010546,1.00102063360451,15000
"pred.rec[8,31]",11.1284382832872,1.14596425950958,9.08104945512325,10.3320741775516,11.0566516764999,11.8407603678046,13.5839073844903,1.00096152617122,15000
"sigma.oe[1]",0.579738702504997,0.0804539352027768,0.446857676818161,0.523108988781077,0.570853040687503,0.627375391053922,0.760543454483007,1.0009272468261,15000
"sigma.oe[2]",0.951202945229454,0.12726309078622,0.741478494239649,0.861211481781884,0.938291408203025,1.02631706536014,1.23845085630962,1.00126432688443,5500
"sigma.oe[3]",0.580668321984019,0.0796576717150742,0.449479595487572,0.524089314842039,0.571632572750213,0.627658258033258,0.762956800371619,1.00091070175131,15000
"sigma.oe[4]",0.399385167594546,0.056183997881625,0.307092502319337,0.359492220160004,0.393283256892545,0.433199817589188,0.523766560731141,1.00094272075414,15000
"sigma.oe[5]",0.442506553619514,0.062406928200937,0.341243448378996,0.398519954791927,0.435672539939095,0.478611341176848,0.583609705707943,1.00104672553333,13000
"sigma.oe[6]",0.474167281064351,0.0665848675558278,0.364794167118423,0.427459241032198,0.467016587977592,0.512009758483382,0.626839401835058,1.00099713540594,15000
"sigma.oe[7]",0.764361840992366,0.108364278306627,0.585609673751328,0.687985811651875,0.752634387309106,0.827993299559193,1.00657387278037,1.00100749576781,15000
"sigma.oe[8]",0.47232101845552,0.0655993668585002,0.364199535634252,0.425887570456826,0.464562536457602,0.512639939771298,0.616452604167612,1.00111871710011,9100
