"Population","Year","rearing_temp","rearing_prcp","DailyMigtemp_t0","WeeklyMigtemp_t0","count","Breakup_day","Swe","spawning_temp","spawning_prcp","Winter_SST","Summer_SST","discharge","Pdischarge"
"Carmacks",1985,9.79023793364,195.544159981565,16.2109366470588,17,14,129,160.542412116,5.671702627325,179.526394749805,2.64281576477556,6.28753724939006,6330,549200
"Carmacks",1986,9.18337822397667,150.03161751013,15.4846542352941,15.8333333333333,11,122,171.907965494862,6.1531391341,178.837905633704,2.01999420537931,7.01144032482652,6160,460600
"Carmacks",1987,9.80313875571333,215.643484501409,15.1099241176471,15.4,0,119,98.6413218284625,5.815532908575,126.346707137152,2.01936972686697,6.68938278496841,5230,425900
"Carmacks",1988,12.4239552986667,130.933119936732,17.0816273939394,17.3333333333333,29,120,134.49952444948,6.127027686535,124.169425903264,2.03775415899097,7.4749868184616,6730,440500
"Carmacks",1989,11.1190382714833,199.860972448647,15.1826270588235,15.6666666666667,2,120,123.544036526091,9.03123201494,129.426144736755,1.80915078020292,8.32800957848485,3720,480900
"Carmacks",1990,10.2297734522067,246.601168194908,14.9734211363636,16.190795,0,129,216.958652075171,8.17331059682,216.158428598584,1.74842066292648,5.78959223728824,4670,425200
"Carmacks",1991,10.35300500537,128.508180631694,17.3430791176471,18.2277666666667,27,119,291.263937956838,6.82485022021,226.242335653666,2.50868562640001,7.41047687806945,5410,454800
"Carmacks",1992,10.32242247865,242.085457106183,17.8874748823529,18.6666666666667,24,121,151.53163334395,4.4124435078235,168.684076555444,1.78321462490336,6.80317260908044,7630,563500
"Carmacks",1993,11.7560371155633,110.260249514024,16.3466268235294,17.5,10,120,96.5802067518071,7.187261027525,146.121077199577,2.58591671579678,7.25695291910194,4930,476100
"Carmacks",1994,10.1585750340267,235.549941961326,15.1911764705882,15.8833333333333,6,128,129.738741597728,7.90850570405,132.115168868616,1.97904382333399,7.29039773884891,4620,530300
"Carmacks",1995,9.47370074403,191.545212237413,15.7010658647059,17.9434306,8,124,131.063199866812,7.853954890825,134.667720210445,2.23673972654265,7.79047169777507,3910,378200
"Carmacks",1996,11.3773022400667,179.923827680828,15.2358907058824,16.30807816,5,124,147.398820824232,5.37072874209,190.917434770662,2.00529352522485,7.16021915737557,4020,314000
"Carmacks",1997,10.4023383380533,93.1735699407152,16.6692446823529,17.1827171333333,11,128,96.133078592092,8.278370274445,86.3871213408193,0.970644898082402,5.42421545448222,4810,NA
"Carmacks",1998,10.815532726,177.166168099186,15.4615563264706,16.11732,7,126,51.5571171617934,6.210456935605,88.8824982770303,3.27961344833834,6.85224456271687,3080,NA
"Carmacks",1999,9.67769956169333,283.436839548658,15.9913463062424,16.8894485483333,8,128,104.102667116445,7.896318516005,117.769275734294,2.1139667378329,6.12173854095349,3970,NA
"Carmacks",2000,11.2429057524333,169.191628537352,16.2622169163496,16.870102,12,132,90.3716540882786,5.486421938115,277.70081821418,3.58086559724616,7.57510038648827,6150,NA
"Carmacks",2001,9.60509442232,197.239883556338,14.0767697058824,15.402998,0,127,99.2794741863877,8.219752645165,114.325789800206,2.93157277266349,8.18849586850203,6390,537100
"Carmacks",2002,10.7053449032167,110.029225399574,15.0195094117647,15.787798,3,125,62.1279138358687,5.82674310341,174.080696811091,3.11763718185655,9.17784988246678,3930,344000
"Carmacks",2003,13.2196588412667,98.3360972075193,16.098575,17.3666,10,119,167.93755335213,6.20999545074,103.146461785801,2.01096694951626,8.01807427406311,4450,389000
"Carmacks",2004,10.9204953187,222.486552827494,18.0994117647059,18.2471666666667,24,131,137.649891118393,7.224989588875,139.576598105506,1.83269147326138,7.03418687821011,4080,378600
"Carmacks",2005,10.6268079048467,162.91982294105,17.2412941176471,17.6825,18,124,76.9784251998493,7.92468280988,118.70685396385,0.930934010536917,8.30068897617899,4900,424500
"Carmacks",2006,11.16804146629,178.443099908283,15.8581323529412,16.229,3,125,105.728902794426,7.138870387215,112.29776572491,1.10648982250412,6.84815793804788,4780,498100
"Carmacks",2007,9.18943969972,269.770459879817,18.0980688235294,19,32,123,102.423255003674,6.96916931609,118.876660950343,1.36249980852583,6.96823974781566,5470,366400
"Carmacks",2008,11.6776103246333,157.623396983761,15.4264705882353,16.4,4,120,87.1889000493684,6.67526860164,173.49238798035,1.75392825236782,6.87396429834554,5670,408000
"Carmacks",2009,11.7688568010667,154.254966136622,16.6734229470588,17.3847132285714,16,127,125.302101320337,7.82414237557,165.111462426925,0.625193314172933,6.27358668538683,3990,443200
"Carmacks",2010,10.5253275898467,237.727329442388,15.7441221,16.6502343666667,8,122,136.88521229529,7.95673119981,149.437607853861,1.33095818533437,6.37799126474897,5070,352500
"Carmacks",2011,10.9561539397333,219.766334938428,14.4029264705882,15.0760833333333,0,135,109.889927631276,6.75953197432,130.685161934977,2.53006240339,7.32964364946752,6430,460700
"Carmacks",2012,12.8905044072,233.18420181018,15.5261911764706,15.922,2,122,123.509447939325,8.33773385919,143.216350789994,3.78524192873254,8.20223649530019,6650,502300
"Lower Mainstem",1985,10.5354959466267,162.499094023006,15.2697601764706,15.6666666666667,6,129,142.309294983939,5.193392272515,168.340956732741,2.64281576477556,6.28753724939006,6330,549200
"Lower Mainstem",1986,10.9507835792167,193.163489603012,15.0788080294118,15.6666666666667,11,122,118.867883566157,5.59030821105,108.83978826952,2.01999420537931,7.01144032482652,6160,460600
"Lower Mainstem",1987,11.1286066146033,215.291909300383,13.9270163529412,14.3333333333333,0,119,118.395486569436,6.54640454323,137.690732405434,2.01936972686697,6.68938278496841,5230,425900
"Lower Mainstem",1988,11.9330441967667,120.523358036128,13.5058373529412,14.28945,1,120,142.457563798785,6.256376947885,124.351817078671,2.03775415899097,7.4749868184616,6730,440500
"Lower Mainstem",1989,11.5101563409667,184.538920329578,14.0466360294118,14.62302,2,120,141.994795367781,8.04573617978,89.0509392101766,1.80915078020292,8.32800957848485,3720,480900
"Lower Mainstem",1990,10.7026696605167,188.656851018774,14.31757625,15.406925,0,129,179.410387253464,6.999808959205,188.624200687537,1.74842066292648,5.78959223728824,4670,425200
"Lower Mainstem",1991,11.72239081235,209.583667233601,15.5262920588235,16.0410183333333,10,119,142.585775768651,6.764362107575,168.163307999997,2.50868562640001,7.41047687806945,5410,454800
"Lower Mainstem",1992,12.1654979185333,186.829850052081,16.7685623939394,17.5,18,121,182.729560204613,3.21638755412,116.488483512317,1.78321462490336,6.80317260908044,7630,563500
"Lower Mainstem",1993,12.9585910022333,162.126194999931,14.0823529411765,14.6666666666667,0,120,138.576401642968,6.719548252305,159.379114755215,2.58591671579678,7.25695291910194,4930,476100
"Lower Mainstem",1994,11.8566931522367,228.828173733832,14.0019918529412,14.55,0,128,129.967661388088,8.088033715875,107.31080646759,1.97904382333399,7.29039773884891,4620,530300
"Lower Mainstem",1995,10.80085161347,162.716512929123,14.0611493470588,15.47309,0,124,70.8207709425587,8.799288851445,136.237704271107,2.23673972654265,7.79047169777507,3910,378200
"Lower Mainstem",1996,12.2832374238,255.3654278951,12.5365077882353,14.07430988,0,124,164.352880445811,5.123712234745,141.498094417226,2.00529352522485,7.16021915737557,4020,314000
"Lower Mainstem",1997,11.3331158949467,217.423978859207,15.5006761882353,16.370094,6,128,122.221085029615,8.59821272261,153.667888055856,0.970644898082402,5.42421545448222,4810,NA
"Lower Mainstem",1998,12.8277423833333,176.582419929381,13.3597523935294,14.1881433333333,0,126,58.5075796329681,6.331914283455,125.620401397334,3.27961344833834,6.85224456271687,3080,NA
"Lower Mainstem",1999,11.3923344387033,298.823150924603,16.1955834596471,16.8962835483333,8,128,185.032755778252,8.194734984775,200.04425229595,2.1139667378329,6.12173854095349,3970,NA
"Lower Mainstem",2000,12.4303604145667,230.302600012478,15.6498249090745,17.247548,8,132,93.2642449842744,5.34515061223,181.871058353343,3.58086559724616,7.57510038648827,6150,NA
"Lower Mainstem",2001,11.4384285157167,318.25267432011,13.7532402941176,14.6117833333333,0,127,110.698575069266,8.738909844635,102.995553251384,2.93157277266349,8.18849586850203,6390,537100
"Lower Mainstem",2002,12.0562176730667,212.322856257031,14.3235294117647,14.3333333333333,0,125,105.727760478515,7.599317094645,206.486528892399,3.11763718185655,9.17784988246678,3930,344000
"Lower Mainstem",2003,14.2734591758667,112.51588410783,13.793075,15.79886,0,119,184.791297265393,6.147548176315,151.221073025885,2.01096694951626,8.01807427406311,4450,389000
"Lower Mainstem",2004,12.0938727804667,170.907591790088,16.3501176470588,16.4033333333333,11,131,178.801116820204,6.707639772805,111.805283173478,1.83269147326138,7.03418687821011,4080,378600
"Lower Mainstem",2005,11.26125374616,211.926605422475,17.0754411764706,17.5404,17,124,142.190216241362,8.276729716885,137.659826512437,0.930934010536917,8.30068897617899,4900,424500
"Lower Mainstem",2006,13.4031300454,274.971325142231,15.2155735294118,15.4450833333333,1,125,85.6476714025786,7.663466449815,152.650660444834,1.10648982250412,6.84815793804788,4780,498100
"Lower Mainstem",2007,10.58865775108,296.115044515922,16.4709620588235,17,15,123,103.100556261063,8.35148151551,191.657279922682,1.36249980852583,6.96823974781566,5470,366400
"Lower Mainstem",2008,12.4523541037,224.295323774316,15.0882352941176,15.75,4,120,126.463900130289,6.552402930625,188.041790980069,1.75392825236782,6.87396429834554,5670,408000
"Lower Mainstem",2009,12.5945179565667,393.342587523193,15.7703821352941,17.1988321,8,127,94.0619089638994,7.995532137495,185.434857257419,0.625193314172933,6.27358668538683,3990,443200
"Lower Mainstem",2010,11.6273876003667,470.557391400942,15.5527973588235,15.9859151714286,8,122,79.2514203200533,8.228087636805,159.03732448052,1.33095818533437,6.37799126474897,5070,352500
"Lower Mainstem",2011,12.2855229228667,233.844977667032,14.2228529411765,14.7408333333333,0,135,89.6812766419647,7.902682534615,158.677437203961,2.53006240339,7.32964364946752,6430,460700
"Lower Mainstem",2012,13.3899257734,196.281307625628,15.9478235294118,16.3356666666667,2,122,98.1627370426756,8.31468020545,112.035430950588,3.78524192873254,8.20223649530019,6650,502300
"Middle Mainstem",1985,10.5318280397933,194.486977815369,16.7844660588235,17.25,19,129,144.738146417098,6.223239067485,167.43170372652,2.64281576477556,6.28753724939006,6330,549200
"Middle Mainstem",1986,10.63828365524,177.537473391591,15.6759061470588,15.9166666666667,11,122,122.93064588285,6.486563177245,126.81625865548,2.01999420537931,7.01144032482652,6160,460600
"Middle Mainstem",1987,10.8066338849633,243.67011179305,15.6099241176471,15.6666666666667,4,119,102.879595093969,6.90855239545,132.682553208915,2.01936972686697,6.68938278496841,5230,425900
"Middle Mainstem",1988,12.3928165583333,139.519391141246,16.5294117647059,17,22,120,139.381209831469,6.79158168996,108.179229267928,2.03775415899097,7.4749868184616,6730,440500
"Middle Mainstem",1989,11.4682242859667,208.460594359244,14.8235294117647,15.1666666666667,0,120,113.629800807689,8.86672338038,112.071021538479,1.80915078020292,8.32800957848485,3720,480900
"Middle Mainstem",1990,10.4895986905633,252.409523888148,15.2801225,16.190795,0,129,151.98825064836,8.304471777735,189.043221386319,1.74842066292648,5.78959223728824,4670,425200
"Middle Mainstem",1991,11.05839868229,191.266013898231,17.3132264705882,18.67332,27,119,178.958850391006,7.26162281867,147.435485817534,2.50868562640001,7.41047687806945,5410,454800
"Middle Mainstem",1992,11.2232991596667,194.088669155558,18.1329916176471,19.1666666666667,25,121,149.132728556162,4.224606475235,166.491976221825,1.78321462490336,6.80317260908044,7630,563500
"Middle Mainstem",1993,12.8573871667667,131.041180577373,16.8613327058824,17.8,15,120,106.758139937016,7.432976260385,113.633568715956,2.58591671579678,7.25695291910194,4930,476100
"Middle Mainstem",1994,11.2418751468567,215.576172936159,14.8852941176471,15.72,6,128,116.477320327171,9.25811905867,124.406419367206,1.97904382333399,7.29039773884891,4620,530300
"Middle Mainstem",1995,10.11356011013,219.56572408936,16.1682195058824,17.9434306,13,124,101.977839821999,8.722592104785,122.358170853767,2.23673972654265,7.79047169777507,3910,378200
"Middle Mainstem",1996,11.7909899764333,215.86910287132,15.5650804176471,16.64238608,5,124,134.104677081056,5.755514496835,155.304517449631,2.00529352522485,7.16021915737557,4020,314000
"Middle Mainstem",1997,11.1518043881833,115.423324497379,16.6913031529412,17.65271216,13,128,123.793109530218,8.50324506994,113.135197028615,0.970644898082402,5.42421545448222,4810,NA
"Middle Mainstem",1998,11.4467704553667,181.792143414862,12.8872497311765,13.656,0,126,72.8270093242447,6.388158430355,65.1440474543165,3.27961344833834,6.85224456271687,3080,NA
"Middle Mainstem",1999,10.0109136256967,274.488017279119,15.5373361207647,16.2227818816667,6,128,140.322219362478,7.94865908232,162.925249679576,2.1139667378329,6.12173854095349,3970,NA
"Middle Mainstem",2000,11.4737604801333,214.741344982057,16.1829611451254,16.3423056,12,132,94.0364942389162,5.160162615375,221.29733504102,3.58086559724616,7.57510038648827,6150,NA
"Middle Mainstem",2001,10.30572914281,204.88294782387,15.1738451470588,15.64943,0,127,122.518378203504,8.150398129265,141.492394722497,2.93157277266349,8.18849586850203,6390,537100
"Middle Mainstem",2002,11.11694860598,170.386245708387,15.1204045882353,16.1068511428571,4,125,83.7194409192361,6.527844896765,130.267317681845,3.11763718185655,9.17784988246678,3930,344000
"Middle Mainstem",2003,13.2033691167667,103.553361932985,16.4328725,17.3666,10,119,141.160505317368,6.30448094877,106.407378969661,2.01096694951626,8.01807427406311,4450,389000
"Middle Mainstem",2004,11.4563929406333,253.485036936315,18.7482727272727,18.8141666666667,30,131,158.034313416409,7.083466609495,104.199997856379,1.83269147326138,7.03418687821011,4080,378600
"Middle Mainstem",2005,11.17410416705,174.006683093281,17.2059558823529,17.6988,19,124,93.2394143349702,8.51657484759,133.426582730054,0.930934010536917,8.30068897617899,4900,424500
"Middle Mainstem",2006,12.0229946546667,179.026670035672,15.8771764705882,16.32325,3,125,76.002793085249,7.800414932155,100.016434554789,1.10648982250412,6.84815793804788,4780,498100
"Middle Mainstem",2007,9.92285435094333,261.823601346714,17.8283133333333,18.4,27,123,107.303069358176,7.8538790417,117.505494475481,1.36249980852583,6.96823974781566,5470,366400
"Middle Mainstem",2008,12.0116397195333,177.977564103309,14.8970588235294,15.8333333333333,4,120,126.468231105308,7.01756513117,198.974161547161,1.75392825236782,6.87396429834554,5670,408000
"Middle Mainstem",2009,11.9286684736667,240.20727924285,16.7048131294118,17.5275703714286,16,127,109.324814372408,8.231851102135,154.961931184989,0.625193314172933,6.27358668538683,3990,443200
"Middle Mainstem",2010,10.92389850383,305.898756007965,15.7221570181818,16.5859151714286,8,122,112.808291328404,8.248895500605,147.303306673591,1.33095818533437,6.37799126474897,5070,352500
"Middle Mainstem",2011,11.1609139049,249.860268117602,14.6103970588235,15.3393333333333,0,135,115.2078055735,7.33918853267,138.040772389819,2.53006240339,7.32964364946752,6430,460700
"Middle Mainstem",2012,13.0386989622667,258.913094416836,15.0825441176471,15.4348333333333,2,122,126.543624096521,8.385447530785,148.775887294847,3.78524192873254,8.20223649530019,6650,502300
"Pelly",1985,10.1464286606467,208.411969836871,16.0785837058824,16.5,13,129,217.843173663272,5.785542495025,218.06508760419,2.64281576477556,6.28753724939006,6330,549200
"Pelly",1986,9.71862585669667,181.880808454476,15.4528922647059,15.8333333333333,11,122,188.938950903912,6.285113736405,169.878747017094,2.01999420537931,7.01144032482652,6160,460600
"Pelly",1987,10.3798259326933,218.328147321679,14.9040417647059,15,0,119,131.004962294797,5.903287126075,173.433519548905,2.01936972686697,6.68938278496841,5230,425900
"Pelly",1988,12.7763184769667,117.905350075997,15.8369054117647,16.2,13,120,166.54600280706,6.386790544285,153.628012996445,2.03775415899097,7.4749868184616,6730,440500
"Pelly",1989,11.09301664753,202.49476509705,15.1562614705882,15.694744,2,120,148.24288710894,8.84863016365,116.849028797984,1.80915078020292,8.32800957848485,3720,480900
"Pelly",1990,10.1981891894,253.549916607168,14.67492875,16.190795,0,129,211.645581157232,7.57185599998,255.280014152513,1.74842066292648,5.78959223728824,4670,425200
"Pelly",1991,10.4408254534067,159.675232830347,16.7434144117647,17.669165,20,119,361.891174039097,6.31982747984,238.358812058789,2.50868562640001,7.41047687806945,5410,454800
"Pelly",1992,10.79581315727,208.904759961764,17.3175647352941,18.4,20,121,192.248262253536,4.171580830854,181.318862560544,1.78321462490336,6.80317260908044,7630,563500
"Pelly",1993,12.7167467951333,106.881349579489,15.0966268235294,16.25,3,120,139.027002161717,7.0148556227,167.577431250335,2.58591671579678,7.25695291910194,4930,476100
"Pelly",1994,10.7034950835367,261.068640059684,14.3147058823529,15.22,0,128,109.344632309033,8.432883097575,137.768291471801,1.97904382333399,7.29039773884891,4620,530300
"Pelly",1995,9.99751471477333,251.175403178266,15.2261256411765,17.9434306,5,124,118.235243337012,7.94273507172,149.157154062601,2.23673972654265,7.79047169777507,3910,378200
"Pelly",1996,11.8145266011,232.707529785082,14.5344447117647,15.6780934666667,5,124,156.890606790683,5.764416728345,231.743450877689,2.00529352522485,7.16021915737557,4020,314000
"Pelly",1997,11.01472684401,116.578908579987,16.5291176235294,17.30271456,11,128,112.201457890309,8.0584996675,117.847012983958,0.970644898082402,5.42421545448222,4810,NA
"Pelly",1998,10.9741958761333,212.67002120877,15.6905649188235,16.30201,4,126,47.9749525563833,6.45707577394,112.292616588363,3.27961344833834,6.85224456271687,3080,NA
"Pelly",1999,9.85280573784333,284.452965668121,16.0030420031176,16.8894485483333,8,128,127.332268043789,7.59436346596,130.965239532321,2.1139667378329,6.12173854095349,3970,NA
"Pelly",2000,10.8431850765467,149.835767661102,16.2489667724346,16.7525215,12,132,115.148171186347,5.012511455665,294.629663808327,3.58086559724616,7.57510038648827,6150,NA
"Pelly",2001,9.7727105549,224.792848894553,13.8561814705882,14.6117833333333,0,127,118.56942054104,7.742309109295,127.144790378184,2.93157277266349,8.18849586850203,6390,537100
"Pelly",2002,10.4056557265867,144.75279739572,14.9261675294118,15.4669136666667,0,125,79.4830843147597,6.316792282525,173.039456785804,3.11763718185655,9.17784988246678,3930,344000
"Pelly",2003,12.7029534788,130.377743085751,15.8938745454545,17.3666,8,119,154.022731175898,5.866262945485,106.391599472495,2.01096694951626,8.01807427406311,4450,389000
"Pelly",2004,10.5134830280667,212.564066530893,17.6191764705882,18.0902,19,131,180.907516925223,6.26648377966,133.676663195881,1.83269147326138,7.03418687821011,4080,378600
"Pelly",2005,10.6494262331533,156.077683409458,17.1520294117647,17.30125,17,124,118.108457749934,7.355293327395,125.98949670945,0.930934010536917,8.30068897617899,4900,424500
"Pelly",2006,11.3223911785333,194.989081229504,15.6573382352941,16.279,2,125,124.955414537893,6.997092858825,138.838570053203,1.10648982250412,6.84815793804788,4780,498100
"Pelly",2007,9.22858070074667,326.623793997916,16.5591973529412,16.8333333333333,16,123,254.023290326566,6.795636869655,173.231096198045,1.36249980852583,6.96823974781566,5470,366400
"Pelly",2008,11.1600678735667,174.299658376083,15.3529411764706,16.0833333333333,4,120,118.799854791287,6.390880866685,250.267971862195,1.75392825236782,6.87396429834554,5670,408000
"Pelly",2009,11.1492037378333,165.349818298527,16.2482725030303,17.3847132285714,10,127,145.039039490386,7.604611113275,171.00512453278,0.625193314172933,6.27358668538683,3990,443200
"Pelly",2010,10.2370401198933,293.454356532473,15.7970632764706,16.4144866,8,122,135.799353018558,7.460017738655,124.629456179816,1.33095818533437,6.37799126474897,5070,352500
"Pelly",2011,10.5745917457667,217.62560599674,14.2498181818182,14.7408333333333,0,135,172.935750665683,6.639272503975,173.381654405738,2.53006240339,7.32964364946752,6430,460700
"Pelly",2012,12.2096197010333,219.86646346905,15.6965441176471,16.3828,2,122,189.867511933238,7.66435607067,130.460730331047,3.78524192873254,8.20223649530019,6650,502300
"Stewart",1985,10.5151026378133,170.490225566155,16.3285837058824,17,15,129,209.848027637901,5.721819566005,184.153492088826,2.64281576477556,6.28753724939006,6330,549200
"Stewart",1986,10.3002560796267,166.55615635125,15.5447952727273,15.8333333333333,11,122,181.755972321125,6.062838674365,120.279924083417,2.01999420537931,7.01144032482652,6160,460600
"Stewart",1987,11.027555515,223.188067396323,14.8158064705882,15,0,119,173.034861915984,6.096950568345,174.143988952135,2.01936972686697,6.68938278496841,5230,425900
"Stewart",1988,12.6104378389,106.14888425979,16.2562055757576,16.5,16,120,185.358676828038,6.36590676254,149.853402482004,2.03775415899097,7.4749868184616,6730,440500
"Stewart",1989,10.72248746508,203.770445406446,15.1562614705882,15.4122866666667,2,120,143.685772866029,8.441441341495,97.0957392433165,1.80915078020292,8.32800957848485,3720,480900
"Stewart",1990,9.55894491813333,216.641080544697,14.70951125,16.190795,0,129,215.467343181385,6.65342085704,251.534392492395,1.74842066292648,5.78959223728824,4670,425200
"Stewart",1991,10.14503377657,197.446457570153,17.0597052941176,17.8358316666667,23,119,377.788859184239,5.5179697328,226.862203725902,2.50868562640001,7.41047687806945,5410,454800
"Stewart",1992,10.4680253943633,185.841939991882,17.4646235588235,18.5,21,121,276.305528641767,3.00642681522,186.644944872129,1.78321462490336,6.80317260908044,7630,563500
"Stewart",1993,12.0176861868333,132.878239837776,15.0966268235294,16.25,3,120,157.389447737907,5.70611396125,138.278382448337,2.58591671579678,7.25695291910194,4930,476100
"Stewart",1994,10.1446652189467,214.222094727239,14.2676470588235,15.22,0,128,122.767297523835,7.4472239011,135.750383054405,1.97904382333399,7.29039773884891,4620,530300
"Stewart",1995,9.23146363363667,213.978098541121,15.1455727705882,17.4543596,4,124,86.4741948123894,7.25185671871,131.183330408029,2.23673972654265,7.79047169777507,3910,378200
"Stewart",1996,11.1101904367467,228.499258270276,14.7226800058824,15.6780934666667,5,124,164.049219633152,4.225601450325,198.789277998409,2.00529352522485,7.16021915737557,4020,314000
"Stewart",1997,10.42506703938,127.331315997538,16.5933155647059,17.30271456,11,128,117.001546291832,7.555073724,120.997165101066,0.970644898082402,5.42421545448222,4810,NA
"Stewart",1998,10.9136682290667,165.432303794264,16.2747272970588,16.85701,8,126,45.5005832668109,5.76601106172,108.652111822458,3.27961344833834,6.85224456271687,3080,NA
"Stewart",1999,9.602855336,235.446719277432,16.0030420031176,16.8894485483333,8,128,165.484029907887,7.1570854816,155.87847813185,2.1139667378329,6.12173854095349,3970,NA
"Stewart",2000,10.8468346107,159.052580564786,16.2539963140768,16.682989,12,132,113.978278826661,4.14958240665,208.489205033179,3.58086559724616,7.57510038648827,6150,NA
"Stewart",2001,9.71325941672,254.805559021817,13.9427324242424,14.6117833333333,0,127,118.801003282565,7.477293008905,98.2503786456705,2.93157277266349,8.18849586850203,6390,537100
"Stewart",2002,10.3442238404167,186.692573905245,14.9827941764706,15.8181125714286,1,125,111.255485308786,6.064437349475,187.755279462827,3.11763718185655,9.17784988246678,3930,344000
"Stewart",2003,12.5529865512333,113.307329242685,15.821915,17.3666,8,119,186.445068257215,5.281289991615,131.967622799399,2.01096694951626,8.01807427406311,4450,389000
"Stewart",2004,10.3840896025367,252.081075494589,17.7438529411765,18.0902,20,131,231.239621522534,5.644622882467,119.98225701014,1.83269147326138,7.03418687821011,4080,378600
"Stewart",2005,10.68149232663,156.370982979767,17.195,17.6147,17,124,171.29069038484,6.89648887269,157.454678187307,0.930934010536917,8.30068897617899,4900,424500
"Stewart",2006,11.7431002085667,215.817917526063,14.533396988,14.7959998996667,1,125,137.09177163239,6.83298780995,147.639575022086,1.10648982250412,6.84815793804788,4780,498100
"Stewart",2007,9.56599252524667,281.46269853689,16.0297855882353,16.8,12,123,247.628510425082,6.65954665654,176.769727272407,1.36249980852583,6.96823974781566,5470,366400
"Stewart",2008,11.18156582567,182.84295503973,14.4545454545455,16,4,120,117.009403590904,6.025457751545,259.776857576176,1.75392825236782,6.87396429834554,5670,408000
"Stewart",2009,11.2345812767333,254.491751598039,14.8529411764706,16.5833333333333,2,127,137.901633078938,7.456808594275,167.849655600939,0.625193314172933,6.27358668538683,3990,443200
"Stewart",2010,10.4216172500067,344.771578658959,15.2292679470588,16.6502343666667,8,122,121.672106432201,7.20642200461,124.662488268752,1.33095818533437,6.37799126474897,5070,352500
"Stewart",2011,10.8601057529433,231.315163737513,13.9857941176471,14.6309166666667,0,135,181.194458373902,6.73016876755,191.013004134633,2.53006240339,7.32964364946752,6430,460700
"Stewart",2012,12.3682956043667,218.28593758776,15.7578823529412,16.1085,2,122,183.854315973329,7.46353085457,129.657442661493,3.78524192873254,8.20223649530019,6650,502300
"Teslin",1985,8.99833440712333,162.792441101152,15.9462307647059,16.4166666666667,12,129,240.779680020593,5.841451729715,171.949321790044,2.64281576477556,6.28753724939006,6330,549200
"Teslin",1986,8.96821560063,181.242803259719,15.5345169393939,15.8333333333333,11,122,258.075586015932,5.860200689225,239.609743734461,2.01999420537931,7.01144032482652,6160,460600
"Teslin",1987,8.73526389649,292.652430348356,15.0511005882353,15.4,0,119,244.571792137695,6.36179065901,205.736379440316,2.01936972686697,6.68938278496841,5230,425900
"Teslin",1988,11.5397484317767,138.370266177106,16.9536707058824,17.1666666666667,25,120,253.510564140038,6.07283685309,201.384659382687,2.03775415899097,7.4749868184616,6730,440500
"Teslin",1989,10.4748873294467,158.865504075641,15.2444782352941,15.745515,2,120,259.448819031828,8.904387543745,204.589586858583,1.80915078020292,8.32800957848485,3720,480900
"Teslin",1990,9.58261695966,250.05529958765,14.81325875,16.190795,0,129,315.756841899625,8.27186163845,174.654963836313,1.74842066292648,5.78959223728824,4670,425200
"Teslin",1991,9.84037741540667,102.717209700795,17.1288702941176,18.4,24,119,370.380842470643,6.951015786835,295.399723434502,2.50868562640001,7.41047687806945,5410,454800
"Teslin",1992,9.70679894691,202.924118045161,17.2485185882353,18.4,20,121,252.636156052552,4.89632775122,184.15695340705,1.78321462490336,6.80317260908044,7630,563500
"Teslin",1993,11.1263278905033,152.21014985309,15.4789797647059,16.4166666666667,5,120,229.641337561276,7.16180032977,231.361878045441,2.58591671579678,7.25695291910194,4930,476100
"Teslin",1994,9.33259485317667,190.723017544861,14.1156057575758,15.0358316666667,0,128,298.952162798727,8.186699110395,207.181186020929,1.97904382333399,7.29039773884891,4620,530300
"Teslin",1995,8.59706282554333,152.203190901542,15.7010658647059,17.9434306,8,124,244.414730045913,7.54765505296,177.462827200487,2.23673972654265,7.79047169777507,3910,378200
"Teslin",1996,10.7536531041567,223.52409265505,14.5344447117647,15.6780934666667,5,124,258.614560497259,5.184561135705,218.721019850837,2.00529352522485,7.16021915737557,4020,314000
"Teslin",1997,10.4720863167067,127.83890439764,16.5933155647059,17.30271456,11,128,257.489123282454,8.479673221525,171.968621309568,0.970644898082402,5.42421545448222,4810,NA
"Teslin",1998,10.3272026284633,153.046445019932,16.0770445617647,16.94664,8,126,128.50634753006,6.29698897901,148.448566704028,3.27961344833834,6.85224456271687,3080,NA
"Teslin",1999,9.24746457252333,202.663126944589,16.0030420031176,16.8894485483333,8,128,255.804880730829,7.495127697175,144.915324037093,2.1139667378329,6.12173854095349,3970,NA
"Teslin",2000,10.9040705924533,168.277723445337,16.2780766043098,16.870102,12,132,141.121805322387,6.17620756594,238.177724325414,3.58086559724616,7.57510038648827,6150,NA
"Teslin",2001,9.53970408091,225.265655650133,14.4255585294118,15.1716633333333,0,127,141.036994802037,8.63136008436,145.806019430372,2.93157277266349,8.18849586850203,6390,537100
"Teslin",2002,10.3959849332933,152.947506896679,15.0195094117647,15.787798,3,125,125.218764104791,6.677921596575,230.490409897069,3.11763718185655,9.17784988246678,3930,344000
"Teslin",2003,13.0854057968333,149.658665267731,15.683585,17.3666,7,119,210.805500630791,6.717081997325,158.697012561354,2.01096694951626,8.01807427406311,4450,389000
"Teslin",2004,10.6869590925333,222.125025473701,17.6976060606061,18.0902,19,131,197.569099026266,7.504861133065,180.03795100071,1.83269147326138,7.03418687821011,4080,378600
"Teslin",2005,9.91772603360333,178.420288161254,17.1773970588235,17.6792,17,124,201.443744860983,8.311758648155,179.83684582766,0.930934010536917,8.30068897617899,4900,424500
"Teslin",2006,10.7871018460667,273.415880004266,15.8742941176471,16.6047,3,125,212.003474443996,7.20871383461,174.406810042845,1.10648982250412,6.84815793804788,4780,498100
"Teslin",2007,9.19878278672,214.81460027696,17.2356679411765,17.6666666666667,21,123,264.997005227887,7.49529357837,214.568808122051,1.36249980852583,6.96823974781566,5470,366400
"Teslin",2008,11.6293213160667,147.423543745668,15.2205882352941,16.1666666666667,4,120,222.787478112094,7.29953615645,225.634374069856,1.75392825236782,6.87396429834554,5670,408000
"Teslin",2009,11.10986855296,134.219524042151,16.4880986823529,17.6154987666667,13,127,216.141865039305,8.033742601395,247.070739081248,0.625193314172933,6.27358668538683,3990,443200
"Teslin",2010,9.92138538694333,225.651998345815,15.7529456294118,16.4144866,8,122,152.096100004363,8.124996652715,186.955647093436,1.33095818533437,6.37799126474897,5070,352500
"Teslin",2011,10.48213770951,175.032790910377,14.3684117647059,15.02825,0,135,213.710385513252,6.447973874625,218.776506730694,2.53006240339,7.32964364946752,6430,460700
"Teslin",2012,12.5536015119,144.940141662586,15.6574264705882,16.3828,2,122,212.201756363765,8.3989935852,173.851078443161,3.78524192873254,8.20223649530019,6650,502300
"Upper Lakes and Mainstem",1985,9.01707879505,171.944931642035,16.9315248823529,17.25,21,129,277.564583780466,5.79722491555,154.54646567349,2.64281576477556,6.28753724939006,6330,549200
"Upper Lakes and Mainstem",1986,8.82054474150333,163.147941408156,15.1759061470588,15.6,6,122,321.425756031259,5.90118040113,219.396499438028,2.01999420537931,7.01144032482652,6160,460600
"Upper Lakes and Mainstem",1987,8.22912432291667,241.039881316858,15.9411764705882,16.2,5,119,235.963116229633,6.377872601475,202.555379084508,2.01936972686697,6.68938278496841,5230,425900
"Upper Lakes and Mainstem",1988,10.7294525871967,150.016090649545,15.3235294117647,15.8333333333333,13,120,252.573884336267,5.783253475885,184.659921649944,2.03775415899097,7.4749868184616,6730,440500
"Upper Lakes and Mainstem",1989,9.85192368383333,150.490952971426,14.3235479411765,14.500105,0,120,344.510804369234,8.660313754155,216.656958092132,1.80915078020292,8.32800957848485,3720,480900
"Upper Lakes and Mainstem",1990,8.58809980521,262.298359102992,15.591365,16.190795,0,129,440.975328456511,7.919410814455,206.575922965944,1.74842066292648,5.78959223728824,4670,425200
"Upper Lakes and Mainstem",1991,9.09175079542333,108.827286295104,17.0485205882353,18.2277666666667,23,119,468.167734971688,6.66246580042,285.546847262388,2.50868562640001,7.41047687806945,5410,454800
"Upper Lakes and Mainstem",1992,9.36309480089667,186.420318853593,18.3785083529412,19.4,28,121,348.396255817864,4.538896623386,220.105004064015,1.78321462490336,6.80317260908044,7630,563500
"Upper Lakes and Mainstem",1993,10.4146488241733,133.19617402462,17.5289797647059,18.0833333333333,21,120,275.584088564498,7.249213944285,204.60087070502,2.58591671579678,7.25695291910194,4930,476100
"Upper Lakes and Mainstem",1994,8.83052847307667,140.839750236376,15.9343117647059,16.3,9,128,329.968709278053,8.245147576375,177.567730604683,1.97904382333399,7.29039773884891,4620,530300
"Upper Lakes and Mainstem",1995,8.21209835668,136.663677933051,16.2516041529412,17.9434306,14,124,277.861558771368,7.692087226105,133.623036311775,2.23673972654265,7.79047169777507,3910,378200
"Upper Lakes and Mainstem",1996,10.51827386347,166.147658814052,15.9557888235294,17.480336,6,124,269.522403032382,5.034797018645,194.779200674525,2.00529352522485,7.16021915737557,4020,314000
"Upper Lakes and Mainstem",1997,9.98599209962667,99.6715874756654,16.3134681411765,16.9132818,11,128,328.917361160062,8.379825746745,133.937963555726,0.970644898082402,5.42421545448222,4810,NA
"Upper Lakes and Mainstem",1998,10.0384392980667,126.861764215644,10.4367338235294,11.52689,0,126,170.228986739755,6.141625469795,136.303978668834,3.27961344833834,6.85224456271687,3080,NA
"Upper Lakes and Mainstem",1999,8.74314225297667,220.784741529957,14.7665887986471,15.7782818816667,5,128,360.709545067008,7.21146986722,179.985675732171,2.1139667378329,6.12173854095349,3970,NA
"Upper Lakes and Mainstem",2000,10.13215495175,169.031432006596,15.4102612294118,15.9996926333333,11,132,269.352319776069,6.0551537538,245.23564892864,3.58086559724616,7.57510038648827,6150,NA
"Upper Lakes and Mainstem",2001,8.92494795956333,151.021433246727,14.4384335,16.58273,0,127,287.188513066554,8.08275461816,179.71085618174,2.93157277266349,8.18849586850203,6390,537100
"Upper Lakes and Mainstem",2002,9.97396007781,119.464595320223,16.1477793333333,17.3791426666667,14,125,175.891753983603,6.44529129809,180.550533310181,3.11763718185655,9.17784988246678,3930,344000
"Upper Lakes and Mainstem",2003,12.6741927466667,109.606659890175,15.9487175,17.3666,10,119,246.206299548756,6.216583002395,146.975547697102,2.01096694951626,8.01807427406311,4450,389000
"Upper Lakes and Mainstem",2004,9.99721550194333,176.350960856217,18.5810882352941,18.7863333333333,31,131,333.036145689217,7.53746520524,189.451026603789,1.83269147326138,7.03418687821011,4080,378600
"Upper Lakes and Mainstem",2005,8.86834271131667,192.470695395551,16.9770757575758,17.4909,16,124,237.979487971155,7.88009815042,184.22255760352,0.930934010536917,8.30068897617899,4900,424500
"Upper Lakes and Mainstem",2006,9.50099823328333,261.219674356083,15.6336176470588,16.0566666666667,3,125,278.864730579226,6.36979990291,216.746455724195,1.10648982250412,6.84815793804788,4780,498100
"Upper Lakes and Mainstem",2007,8.14117855004,222.43260168048,17.1079954705882,17.9343692,20,123,462.560152090759,7.02083815413,274.435825565043,1.36249980852583,6.96823974781566,5470,366400
"Upper Lakes and Mainstem",2008,11.03792778235,156.01101728861,14.3235294117647,14.8333333333333,0,120,462.801681799658,6.674151004465,275.282959183143,1.75392825236782,6.87396429834554,5670,408000
"Upper Lakes and Mainstem",2009,9.87976724311333,191.95953384387,16.5886274647059,17.4488321,15,127,410.433472456541,7.36391170101,305.372685842331,0.625193314172933,6.27358668538683,3990,443200
"Upper Lakes and Mainstem",2010,8.48735680775333,212.269360506831,15.5509171058824,16.4002343666667,4,122,253.126082930449,7.849865370195,269.028614303318,1.33095818533437,6.37799126474897,5070,352500
"Upper Lakes and Mainstem",2011,9.21693726277,241.175769699838,14.6848529411765,15.1619166666667,0,135,375.446612179721,5.505740049475,303.088350065121,2.53006240339,7.32964364946752,6430,460700
"Upper Lakes and Mainstem",2012,11.8022652711333,216.65407160138,14.7682647058824,15.7585,1,122,474.239444830097,7.344334660805,266.176004466666,3.78524192873254,8.20223649530019,6650,502300
"White Donjek",1985,9.39797586648667,203.63495155208,15.7403484117647,16.25,10,129,133.197189831792,4.97412028366,183.176567168416,2.64281576477556,6.28753724939006,6330,549200
"White Donjek",1986,10.08148326232,225.328054743258,15.4087746176471,15.8333333333333,11,122,126.649466334174,5.188319745645,91.2764110656357,2.01999420537931,7.01144032482652,6160,460600
"White Donjek",1987,9.76937567659667,320.569174846296,14.4564281176471,14.8,0,119,104.932442132808,5.97670680777,147.916088953296,2.01936972686697,6.68938278496841,5230,425900
"White Donjek",1988,11.37610288781,127.117356273831,15.202711,15.7412083333333,8,120,145.659001785285,5.66291220091,126.004639136742,2.03775415899097,7.4749868184616,6730,440500
"White Donjek",1989,10.70579482014,198.885582037454,14.9122866666667,15.2896866666667,2,120,133.421536621504,7.70121738942,100.925924132984,1.80915078020292,8.32800957848485,3720,480900
"White Donjek",1990,9.44986570004667,258.409316134,14.5933629545455,16.190795,0,129,158.782488204738,7.154162942535,184.671859147058,1.74842066292648,5.78959223728824,4670,425200
"White Donjek",1991,10.44858485038,248.122487761563,17.0895579411765,17.8358316666667,23,119,155.966278186682,6.426203279675,140.335435780471,2.50868562640001,7.41047687806945,5410,454800
"White Donjek",1992,10.4649788433267,183.867311883917,17.1954433939394,18.4,19,121,125.796689724138,2.83157597937,147.671321881389,1.78321462490336,6.80317260908044,7630,563500
"White Donjek",1993,11.3305443886833,140.095395799809,14.6705882352941,15.25,0,120,94.5902870518439,6.603188449305,95.4868500441138,2.58591671579678,7.25695291910194,4930,476100
"White Donjek",1994,10.5432535658133,270.99051154095,14.1533820588235,15.1666666666667,0,128,93.5670739720514,8.0096166593,124.716781889054,1.97904382333399,7.29039773884891,4620,530300
"White Donjek",1995,9.02181217198,191.590721214972,14.7765503411765,17.0631028,1,124,68.107161376862,7.776276597955,133.450309949836,2.23673972654265,7.79047169777507,3910,378200
"White Donjek",1996,10.6194356606867,287.931541143025,13.6076700060606,14.5750918,4,124,127.692834751816,4.281232206008,109.202313732216,2.00529352522485,7.16021915737557,4020,314000
"White Donjek",1997,10.0834769299567,122.501263180498,16.1575864470588,16.8855954666667,8,128,144.880082929923,7.18105246627,121.15476141298,0.970644898082402,5.42421545448222,4810,NA
"White Donjek",1998,10.4527365908033,230.910761212489,14.8139153709091,15.4036766666667,2,126,74.256479762392,4.871941112715,74.118615048355,3.27961344833834,6.85224456271687,3080,NA
"White Donjek",1999,9.15893554729,326.752552786186,16.1378208252353,16.8894485483333,8,128,149.386691932187,6.726909854525,158.290149953309,2.1139667378329,6.12173854095349,3970,NA
"White Donjek",2000,10.5531182892333,261.543144363748,16.1504014407269,17.3316986666667,11,132,126.981608630179,3.7731666666445,251.671694087612,3.58086559724616,7.57510038648827,6150,NA
"White Donjek",2001,9.31516449786,196.509023811085,13.8561814705882,14.6117833333333,0,127,127.698815810897,6.8811940657,137.960013955859,2.93157277266349,8.18849586850203,6390,537100
"White Donjek",2002,10.0621216741267,216.510442415225,14.8462980588235,15.4623556666667,0,125,116.214259932755,5.525078942745,116.395091171783,3.11763718185655,9.17784988246678,3930,344000
"White Donjek",2003,12.2341292629667,139.67250322729,14.87666,17.3666,3,119,126.419782207742,4.991774827337,105.793908397304,2.01096694951626,8.01807427406311,4450,389000
"White Donjek",2004,10.4291524121333,305.662383508819,17.3382352941176,17.5405,17,131,144.275733373946,5.818775802855,98.4399667267784,1.83269147326138,7.03418687821011,4080,378600
"White Donjek",2005,9.69467252402667,231.074253776767,17.0754411764706,17.5404,17,124,94.4457087903042,7.928087215355,144.492498551205,0.930934010536917,8.30068897617899,4900,424500
"White Donjek",2006,10.7708914245,215.563444655034,15.8578088235294,16.33875,3,125,90.3382724082066,6.770836951135,132.209470564627,1.10648982250412,6.84815793804788,4780,498100
"White Donjek",2007,8.34077897102667,305.313423621898,17.8333629411765,18.5,27,123,84.2564577035502,7.12174701959,141.729517222463,1.36249980852583,6.96823974781566,5470,366400
"White Donjek",2008,10.5329454982133,195.303113181213,15.2058823529412,16.3,4,120,133.767837638707,5.85930674428,192.686072724675,1.75392825236782,6.87396429834554,5670,408000
"White Donjek",2009,10.2238881873533,287.211495896883,15.7703821352941,17.1988321,8,127,117.399294393935,6.9624010457,136.07698345895,0.625193314172933,6.27358668538683,3990,443200
"White Donjek",2010,9.22591424695667,335.094627068489,15.4645620647059,15.9859151714286,8,122,116.16534413922,6.96655995173,171.575143150359,1.33095818533437,6.37799126474897,5070,352500
"White Donjek",2011,9.51563596791667,294.093937785138,14.3684117647059,15.02825,0,135,130.266504648121,6.035549998215,122.454776521863,2.53006240339,7.32964364946752,6430,460700
"White Donjek",2012,11.5414254984667,287.006934872749,15.6574264705882,16.3828,2,122,95.1109465836939,7.025661302655,153.971058915748,3.78524192873254,8.20223649530019,6650,502300
